2026-07-06 10:34:11,821:WARNING:
'cuml' is a soft dependency and not included in the pycaret installation. Please run: `pip install cuml` to install.
2026-07-06 10:34:11,821:WARNING:
'cuml' is a soft dependency and not included in the pycaret installation. Please run: `pip install cuml` to install.
2026-07-06 10:34:11,821:WARNING:
'cuml' is a soft dependency and not included in the pycaret installation. Please run: `pip install cuml` to install.
2026-07-06 10:34:11,821:WARNING:
'cuml' is a soft dependency and not included in the pycaret installation. Please run: `pip install cuml` to install.
2026-07-06 10:34:13,558:INFO:PyCaret ClassificationExperiment
2026-07-06 10:34:13,558:INFO:Logging name: clf-default-name
2026-07-06 10:34:13,558:INFO:ML Usecase: MLUsecase.CLASSIFICATION
2026-07-06 10:34:13,558:INFO:version 3.3.2
2026-07-06 10:34:13,558:INFO:Initializing setup()
2026-07-06 10:34:13,558:INFO:self.USI: efe6
2026-07-06 10:34:13,558:INFO:self._variable_keys: {'idx', 'target_param', 'fold_shuffle_param', 'fix_imbalance', 'seed', 'gpu_n_jobs_param', 'exp_name_log', 'pipeline', 'fold_groups_param', 'gpu_param', 'X_train', 'data', '_ml_usecase', 'exp_id', 'X', 'fold_generator', 'is_multiclass', 'html_param', 'y', 'memory', 'y_test', 'X_test', 'logging_param', 'USI', 'y_train', 'log_plots_param', 'n_jobs_param', '_available_plots'}
2026-07-06 10:34:13,558:INFO:Checking environment
2026-07-06 10:34:13,558:INFO:python_version: 3.11.15
2026-07-06 10:34:13,558:INFO:python_build: ('main', 'Jun 11 2026 15:12:53')
2026-07-06 10:34:13,558:INFO:machine: AMD64
2026-07-06 10:34:13,570:INFO:platform: Windows-10-10.0.26200-SP0
2026-07-06 10:34:13,570:INFO:Memory: svmem(total=16880164864, available=7712694272, percent=54.3, used=9167470592, free=7712694272)
2026-07-06 10:34:13,570:INFO:Physical Core: 8
2026-07-06 10:34:13,570:INFO:Logical Core: 16
2026-07-06 10:34:13,570:INFO:Checking libraries
2026-07-06 10:34:13,570:INFO:System:
2026-07-06 10:34:13,570:INFO:    python: 3.11.15 | packaged by Anaconda, Inc. | (main, Jun 11 2026, 15:12:53) [MSC v.1942 64 bit (AMD64)]
2026-07-06 10:34:13,570:INFO:executable: C:\Users\43285092\.conda\envs\pycaret_env\python.exe
2026-07-06 10:34:13,570:INFO:   machine: Windows-10-10.0.26200-SP0
2026-07-06 10:34:13,570:INFO:PyCaret required dependencies:
2026-07-06 10:34:13,572:WARNING:C:\Users\43285092\.conda\envs\pycaret_env\Lib\site-packages\_distutils_hack\__init__.py:30: UserWarning: Setuptools is replacing distutils. Support for replacing an already imported distutils is deprecated. In the future, this condition will fail. Register concerns at https://github.com/pypa/setuptools/issues/new?template=distutils-deprecation.yml
  warnings.warn(

2026-07-06 10:34:13,638:INFO:                 pip: 26.1.2
2026-07-06 10:34:13,638:INFO:          setuptools: 82.0.1
2026-07-06 10:34:13,638:INFO:             pycaret: 3.3.2
2026-07-06 10:34:13,638:INFO:             IPython: 9.15.0
2026-07-06 10:34:13,638:INFO:          ipywidgets: 8.1.8
2026-07-06 10:34:13,638:INFO:                tqdm: 4.68.3
2026-07-06 10:34:13,638:INFO:               numpy: 1.26.4
2026-07-06 10:34:13,638:INFO:              pandas: 2.1.4
2026-07-06 10:34:13,638:INFO:              jinja2: 3.1.6
2026-07-06 10:34:13,638:INFO:               scipy: 1.11.4
2026-07-06 10:34:13,638:INFO:              joblib: 1.3.2
2026-07-06 10:34:13,638:INFO:             sklearn: 1.4.2
2026-07-06 10:34:13,638:INFO:                pyod: 3.4.0
2026-07-06 10:34:13,638:INFO:            imblearn: 0.14.2
2026-07-06 10:34:13,638:INFO:   category_encoders: 2.7.0
2026-07-06 10:34:13,638:INFO:            lightgbm: 4.6.0
2026-07-06 10:34:13,638:INFO:               numba: 0.62.1
2026-07-06 10:34:13,638:INFO:            requests: 2.34.2
2026-07-06 10:34:13,638:INFO:          matplotlib: 3.7.5
2026-07-06 10:34:13,638:INFO:          scikitplot: 0.3.7
2026-07-06 10:34:13,638:INFO:         yellowbrick: 1.5
2026-07-06 10:34:13,638:INFO:              plotly: 6.8.0
2026-07-06 10:34:13,638:INFO:    plotly-resampler: Not installed
2026-07-06 10:34:13,638:INFO:             kaleido: 1.3.0
2026-07-06 10:34:13,638:INFO:           schemdraw: 0.15
2026-07-06 10:34:13,638:INFO:         statsmodels: 0.14.6
2026-07-06 10:34:13,638:INFO:              sktime: 0.26.0
2026-07-06 10:34:13,638:INFO:               tbats: 1.1.3
2026-07-06 10:34:13,638:INFO:            pmdarima: 2.0.4
2026-07-06 10:34:13,638:INFO:              psutil: 7.2.2
2026-07-06 10:34:13,638:INFO:          markupsafe: 3.0.3
2026-07-06 10:34:13,638:INFO:             pickle5: Not installed
2026-07-06 10:34:13,638:INFO:         cloudpickle: 3.1.2
2026-07-06 10:34:13,638:INFO:         deprecation: 2.1.0
2026-07-06 10:34:13,638:INFO:              xxhash: 3.8.0
2026-07-06 10:34:13,638:INFO:           wurlitzer: Not installed
2026-07-06 10:34:13,638:INFO:PyCaret optional dependencies:
2026-07-06 10:34:15,205:INFO:                shap: 0.44.1
2026-07-06 10:34:15,205:INFO:           interpret: 0.6.9
2026-07-06 10:34:15,205:INFO:                umap: 0.5.7
2026-07-06 10:34:15,205:INFO:     ydata_profiling: 4.18.4
2026-07-06 10:34:15,205:INFO:  explainerdashboard: 0.5.8
2026-07-06 10:34:15,205:INFO:             autoviz: Not installed
2026-07-06 10:34:15,205:INFO:           fairlearn: 0.7.0
2026-07-06 10:34:15,205:INFO:          deepchecks: Not installed
2026-07-06 10:34:15,205:INFO:             xgboost: 3.2.0
2026-07-06 10:34:15,205:INFO:            catboost: Not installed
2026-07-06 10:34:15,205:INFO:              kmodes: Not installed
2026-07-06 10:34:15,205:INFO:             mlxtend: Not installed
2026-07-06 10:34:15,205:INFO:       statsforecast: Not installed
2026-07-06 10:34:15,205:INFO:        tune_sklearn: Not installed
2026-07-06 10:34:15,205:INFO:                 ray: Not installed
2026-07-06 10:34:15,205:INFO:            hyperopt: Not installed
2026-07-06 10:34:15,205:INFO:              optuna: Not installed
2026-07-06 10:34:15,205:INFO:               skopt: Not installed
2026-07-06 10:34:15,205:INFO:              mlflow: Not installed
2026-07-06 10:34:15,205:INFO:              gradio: Not installed
2026-07-06 10:34:15,205:INFO:             fastapi: Not installed
2026-07-06 10:34:15,205:INFO:             uvicorn: Not installed
2026-07-06 10:34:15,205:INFO:              m2cgen: Not installed
2026-07-06 10:34:15,205:INFO:           evidently: Not installed
2026-07-06 10:34:15,205:INFO:               fugue: Not installed
2026-07-06 10:34:15,205:INFO:           streamlit: Not installed
2026-07-06 10:34:15,205:INFO:             prophet: Not installed
2026-07-06 10:34:15,205:INFO:None
2026-07-06 10:34:15,205:INFO:Set up data.
2026-07-06 10:34:15,205:INFO:Set up folding strategy.
2026-07-06 10:34:15,205:INFO:Set up train/test split.
2026-07-06 10:34:15,221:INFO:Set up index.
2026-07-06 10:34:15,221:INFO:Assigning column types.
2026-07-06 10:34:15,221:INFO:Engine successfully changes for model 'lr' to 'sklearn'.
2026-07-06 10:34:15,271:INFO:Engine for model 'knn' has not been set explicitly, hence returning None.
2026-07-06 10:34:15,274:INFO:Engine for model 'rbfsvm' has not been set explicitly, hence returning None.
2026-07-06 10:34:15,288:INFO:Soft dependency imported: xgboost: 3.2.0
2026-07-06 10:34:15,304:WARNING:
'catboost' is a soft dependency and not included in the pycaret installation. Please run: `pip install catboost` to install.
Alternately, you can install this by running `pip install pycaret[models]`
2026-07-06 10:34:15,338:INFO:Engine for model 'knn' has not been set explicitly, hence returning None.
2026-07-06 10:34:15,338:INFO:Engine for model 'rbfsvm' has not been set explicitly, hence returning None.
2026-07-06 10:34:15,354:INFO:Soft dependency imported: xgboost: 3.2.0
2026-07-06 10:34:15,354:WARNING:
'catboost' is a soft dependency and not included in the pycaret installation. Please run: `pip install catboost` to install.
Alternately, you can install this by running `pip install pycaret[models]`
2026-07-06 10:34:15,354:INFO:Engine successfully changes for model 'knn' to 'sklearn'.
2026-07-06 10:34:15,404:INFO:Engine for model 'rbfsvm' has not been set explicitly, hence returning None.
2026-07-06 10:34:15,421:INFO:Soft dependency imported: xgboost: 3.2.0
2026-07-06 10:34:15,421:WARNING:
'catboost' is a soft dependency and not included in the pycaret installation. Please run: `pip install catboost` to install.
Alternately, you can install this by running `pip install pycaret[models]`
2026-07-06 10:34:15,470:INFO:Engine for model 'rbfsvm' has not been set explicitly, hence returning None.
2026-07-06 10:34:15,488:INFO:Soft dependency imported: xgboost: 3.2.0
2026-07-06 10:34:15,488:WARNING:
'catboost' is a soft dependency and not included in the pycaret installation. Please run: `pip install catboost` to install.
Alternately, you can install this by running `pip install pycaret[models]`
2026-07-06 10:34:15,488:INFO:Engine successfully changes for model 'rbfsvm' to 'sklearn'.
2026-07-06 10:34:15,554:INFO:Soft dependency imported: xgboost: 3.2.0
2026-07-06 10:34:15,554:WARNING:
'catboost' is a soft dependency and not included in the pycaret installation. Please run: `pip install catboost` to install.
Alternately, you can install this by running `pip install pycaret[models]`
2026-07-06 10:34:15,621:INFO:Soft dependency imported: xgboost: 3.2.0
2026-07-06 10:34:15,621:WARNING:
'catboost' is a soft dependency and not included in the pycaret installation. Please run: `pip install catboost` to install.
Alternately, you can install this by running `pip install pycaret[models]`
2026-07-06 10:34:15,629:INFO:Preparing preprocessing pipeline...
2026-07-06 10:34:15,629:INFO:Set up simple imputation.
2026-07-06 10:34:15,629:INFO:Set up imbalanced handling.
2026-07-06 10:34:15,638:INFO:Finished creating preprocessing pipeline.
2026-07-06 10:34:15,654:INFO:Pipeline: Pipeline(memory=FastMemory(location=C:\Users\43285092\AppData\Local\Temp\joblib),
         steps=[('numerical_imputer',
                 TransformerWrapper(exclude=None, include=['HeartRate', 'HRV'],
                                    transformer=SimpleImputer(add_indicator=False,
                                                              copy=True,
                                                              fill_value=None,
                                                              keep_empty_features=False,
                                                              missing_values=nan,
                                                              strategy='mean'))),
                ('categorical_imputer',
                 TransformerWrapper(exclude=None, include=[],
                                    transformer=SimpleImputer(add_indicator=False,
                                                              copy=True,
                                                              fill_value=None,
                                                              keep_empty_features=False,
                                                              missing_values=nan,
                                                              strategy='most_frequent'))),
                ('balance',
                 TransformerWrapper(exclude=None, include=None,
                                    transformer=FixImbalancer(estimator=SMOTE(k_neighbors=5,
                                                                              random_state=42,
                                                                              sampling_strategy='auto'))))],
         verbose=False)
2026-07-06 10:34:15,654:INFO:Creating final display dataframe.
2026-07-06 10:34:15,822:INFO:Setup _display_container:                     Description             Value
0                    Session id                42
1                        Target             Label
2                   Target type        Multiclass
3           Original data shape        (44708, 3)
4        Transformed data shape       (113384, 3)
5   Transformed train set shape       (104442, 3)
6    Transformed test set shape         (8942, 3)
7              Numeric features                 2
8                    Preprocess              True
9               Imputation type            simple
10           Numeric imputation              mean
11       Categorical imputation              mode
12                Fix imbalance              True
13         Fix imbalance method             SMOTE
14               Fold Generator   StratifiedKFold
15                  Fold Number                10
16                     CPU Jobs                -1
17                      Use GPU             False
18               Log Experiment             False
19              Experiment Name  clf-default-name
20                          USI              efe6
2026-07-06 10:34:15,888:INFO:Soft dependency imported: xgboost: 3.2.0
2026-07-06 10:34:15,888:WARNING:
'catboost' is a soft dependency and not included in the pycaret installation. Please run: `pip install catboost` to install.
Alternately, you can install this by running `pip install pycaret[models]`
2026-07-06 10:34:15,938:INFO:Soft dependency imported: xgboost: 3.2.0
2026-07-06 10:34:15,954:WARNING:
'catboost' is a soft dependency and not included in the pycaret installation. Please run: `pip install catboost` to install.
Alternately, you can install this by running `pip install pycaret[models]`
2026-07-06 10:34:15,955:INFO:setup() successfully completed in 2.4s...............
2026-07-06 10:35:09,454:WARNING:
'cuml' is a soft dependency and not included in the pycaret installation. Please run: `pip install cuml` to install.
2026-07-06 10:35:09,455:WARNING:
'cuml' is a soft dependency and not included in the pycaret installation. Please run: `pip install cuml` to install.
2026-07-06 10:35:09,455:WARNING:
'cuml' is a soft dependency and not included in the pycaret installation. Please run: `pip install cuml` to install.
2026-07-06 10:35:09,455:WARNING:
'cuml' is a soft dependency and not included in the pycaret installation. Please run: `pip install cuml` to install.
2026-07-06 10:35:10,305:INFO:PyCaret ClassificationExperiment
2026-07-06 10:35:10,305:INFO:Logging name: clf-default-name
2026-07-06 10:35:10,305:INFO:ML Usecase: MLUsecase.CLASSIFICATION
2026-07-06 10:35:10,305:INFO:version 3.3.2
2026-07-06 10:35:10,305:INFO:Initializing setup()
2026-07-06 10:35:10,305:INFO:self.USI: 1ef6
2026-07-06 10:35:10,305:INFO:self._variable_keys: {'log_plots_param', 'exp_name_log', 'X_train', 'y_test', 'idx', 'fix_imbalance', 'X', 'seed', 'USI', 'memory', '_available_plots', 'n_jobs_param', 'html_param', 'gpu_n_jobs_param', 'fold_shuffle_param', 'fold_generator', 'y_train', 'is_multiclass', 'y', 'logging_param', 'pipeline', '_ml_usecase', 'exp_id', 'fold_groups_param', 'gpu_param', 'target_param', 'data', 'X_test'}
2026-07-06 10:35:10,305:INFO:Checking environment
2026-07-06 10:35:10,305:INFO:python_version: 3.11.15
2026-07-06 10:35:10,305:INFO:python_build: ('main', 'Jun 11 2026 15:12:53')
2026-07-06 10:35:10,320:INFO:machine: AMD64
2026-07-06 10:35:10,322:INFO:platform: Windows-10-10.0.26200-SP0
2026-07-06 10:35:10,322:INFO:Memory: svmem(total=16880164864, available=7619715072, percent=54.9, used=9260449792, free=7619715072)
2026-07-06 10:35:10,322:INFO:Physical Core: 8
2026-07-06 10:35:10,322:INFO:Logical Core: 16
2026-07-06 10:35:10,322:INFO:Checking libraries
2026-07-06 10:35:10,322:INFO:System:
2026-07-06 10:35:10,322:INFO:    python: 3.11.15 | packaged by Anaconda, Inc. | (main, Jun 11 2026, 15:12:53) [MSC v.1942 64 bit (AMD64)]
2026-07-06 10:35:10,322:INFO:executable: C:\Users\43285092\.conda\envs\pycaret_env\python.exe
2026-07-06 10:35:10,322:INFO:   machine: Windows-10-10.0.26200-SP0
2026-07-06 10:35:10,322:INFO:PyCaret required dependencies:
2026-07-06 10:35:10,322:WARNING:C:\Users\43285092\.conda\envs\pycaret_env\Lib\site-packages\_distutils_hack\__init__.py:30: UserWarning: Setuptools is replacing distutils. Support for replacing an already imported distutils is deprecated. In the future, this condition will fail. Register concerns at https://github.com/pypa/setuptools/issues/new?template=distutils-deprecation.yml
  warnings.warn(

2026-07-06 10:35:10,371:INFO:                 pip: 26.1.2
2026-07-06 10:35:10,371:INFO:          setuptools: 82.0.1
2026-07-06 10:35:10,371:INFO:             pycaret: 3.3.2
2026-07-06 10:35:10,371:INFO:             IPython: 9.15.0
2026-07-06 10:35:10,371:INFO:          ipywidgets: 8.1.8
2026-07-06 10:35:10,371:INFO:                tqdm: 4.68.3
2026-07-06 10:35:10,371:INFO:               numpy: 1.26.4
2026-07-06 10:35:10,371:INFO:              pandas: 2.1.4
2026-07-06 10:35:10,371:INFO:              jinja2: 3.1.6
2026-07-06 10:35:10,371:INFO:               scipy: 1.11.4
2026-07-06 10:35:10,371:INFO:              joblib: 1.3.2
2026-07-06 10:35:10,371:INFO:             sklearn: 1.4.2
2026-07-06 10:35:10,371:INFO:                pyod: 3.4.0
2026-07-06 10:35:10,371:INFO:            imblearn: 0.14.2
2026-07-06 10:35:10,371:INFO:   category_encoders: 2.7.0
2026-07-06 10:35:10,371:INFO:            lightgbm: 4.6.0
2026-07-06 10:35:10,371:INFO:               numba: 0.62.1
2026-07-06 10:35:10,371:INFO:            requests: 2.34.2
2026-07-06 10:35:10,371:INFO:          matplotlib: 3.7.5
2026-07-06 10:35:10,371:INFO:          scikitplot: 0.3.7
2026-07-06 10:35:10,371:INFO:         yellowbrick: 1.5
2026-07-06 10:35:10,371:INFO:              plotly: 6.8.0
2026-07-06 10:35:10,371:INFO:    plotly-resampler: Not installed
2026-07-06 10:35:10,371:INFO:             kaleido: 1.3.0
2026-07-06 10:35:10,371:INFO:           schemdraw: 0.15
2026-07-06 10:35:10,371:INFO:         statsmodels: 0.14.6
2026-07-06 10:35:10,371:INFO:              sktime: 0.26.0
2026-07-06 10:35:10,371:INFO:               tbats: 1.1.3
2026-07-06 10:35:10,371:INFO:            pmdarima: 2.0.4
2026-07-06 10:35:10,371:INFO:              psutil: 7.2.2
2026-07-06 10:35:10,371:INFO:          markupsafe: 3.0.3
2026-07-06 10:35:10,371:INFO:             pickle5: Not installed
2026-07-06 10:35:10,371:INFO:         cloudpickle: 3.1.2
2026-07-06 10:35:10,371:INFO:         deprecation: 2.1.0
2026-07-06 10:35:10,371:INFO:              xxhash: 3.8.0
2026-07-06 10:35:10,371:INFO:           wurlitzer: Not installed
2026-07-06 10:35:10,371:INFO:PyCaret optional dependencies:
2026-07-06 10:35:11,438:INFO:                shap: 0.44.1
2026-07-06 10:35:11,438:INFO:           interpret: 0.6.9
2026-07-06 10:35:11,438:INFO:                umap: 0.5.7
2026-07-06 10:35:11,438:INFO:     ydata_profiling: 4.18.4
2026-07-06 10:35:11,438:INFO:  explainerdashboard: 0.5.8
2026-07-06 10:35:11,438:INFO:             autoviz: Not installed
2026-07-06 10:35:11,438:INFO:           fairlearn: 0.7.0
2026-07-06 10:35:11,438:INFO:          deepchecks: Not installed
2026-07-06 10:35:11,438:INFO:             xgboost: 3.2.0
2026-07-06 10:35:11,438:INFO:            catboost: Not installed
2026-07-06 10:35:11,438:INFO:              kmodes: Not installed
2026-07-06 10:35:11,438:INFO:             mlxtend: Not installed
2026-07-06 10:35:11,438:INFO:       statsforecast: Not installed
2026-07-06 10:35:11,438:INFO:        tune_sklearn: Not installed
2026-07-06 10:35:11,438:INFO:                 ray: Not installed
2026-07-06 10:35:11,438:INFO:            hyperopt: Not installed
2026-07-06 10:35:11,438:INFO:              optuna: Not installed
2026-07-06 10:35:11,438:INFO:               skopt: Not installed
2026-07-06 10:35:11,438:INFO:              mlflow: Not installed
2026-07-06 10:35:11,438:INFO:              gradio: Not installed
2026-07-06 10:35:11,438:INFO:             fastapi: Not installed
2026-07-06 10:35:11,438:INFO:             uvicorn: Not installed
2026-07-06 10:35:11,438:INFO:              m2cgen: Not installed
2026-07-06 10:35:11,438:INFO:           evidently: Not installed
2026-07-06 10:35:11,438:INFO:               fugue: Not installed
2026-07-06 10:35:11,438:INFO:           streamlit: Not installed
2026-07-06 10:35:11,438:INFO:             prophet: Not installed
2026-07-06 10:35:11,438:INFO:None
2026-07-06 10:35:11,438:INFO:Set up data.
2026-07-06 10:35:11,438:INFO:Set up folding strategy.
2026-07-06 10:35:11,438:INFO:Set up train/test split.
2026-07-06 10:35:11,454:INFO:Set up index.
2026-07-06 10:35:11,454:INFO:Assigning column types.
2026-07-06 10:35:11,454:INFO:Engine successfully changes for model 'lr' to 'sklearn'.
2026-07-06 10:35:11,488:INFO:Engine for model 'knn' has not been set explicitly, hence returning None.
2026-07-06 10:35:11,488:INFO:Engine for model 'rbfsvm' has not been set explicitly, hence returning None.
2026-07-06 10:35:11,521:INFO:Soft dependency imported: xgboost: 3.2.0
2026-07-06 10:35:11,521:WARNING:
'catboost' is a soft dependency and not included in the pycaret installation. Please run: `pip install catboost` to install.
Alternately, you can install this by running `pip install pycaret[models]`
2026-07-06 10:35:11,554:INFO:Engine for model 'knn' has not been set explicitly, hence returning None.
2026-07-06 10:35:11,554:INFO:Engine for model 'rbfsvm' has not been set explicitly, hence returning None.
2026-07-06 10:35:11,588:INFO:Soft dependency imported: xgboost: 3.2.0
2026-07-06 10:35:11,588:WARNING:
'catboost' is a soft dependency and not included in the pycaret installation. Please run: `pip install catboost` to install.
Alternately, you can install this by running `pip install pycaret[models]`
2026-07-06 10:35:11,588:INFO:Engine successfully changes for model 'knn' to 'sklearn'.
2026-07-06 10:35:11,621:INFO:Engine for model 'rbfsvm' has not been set explicitly, hence returning None.
2026-07-06 10:35:11,638:INFO:Soft dependency imported: xgboost: 3.2.0
2026-07-06 10:35:11,638:WARNING:
'catboost' is a soft dependency and not included in the pycaret installation. Please run: `pip install catboost` to install.
Alternately, you can install this by running `pip install pycaret[models]`
2026-07-06 10:35:11,687:INFO:Engine for model 'rbfsvm' has not been set explicitly, hence returning None.
2026-07-06 10:35:11,704:INFO:Soft dependency imported: xgboost: 3.2.0
2026-07-06 10:35:11,704:WARNING:
'catboost' is a soft dependency and not included in the pycaret installation. Please run: `pip install catboost` to install.
Alternately, you can install this by running `pip install pycaret[models]`
2026-07-06 10:35:11,704:INFO:Engine successfully changes for model 'rbfsvm' to 'sklearn'.
2026-07-06 10:35:11,771:INFO:Soft dependency imported: xgboost: 3.2.0
2026-07-06 10:35:11,771:WARNING:
'catboost' is a soft dependency and not included in the pycaret installation. Please run: `pip install catboost` to install.
Alternately, you can install this by running `pip install pycaret[models]`
2026-07-06 10:35:11,821:INFO:Soft dependency imported: xgboost: 3.2.0
2026-07-06 10:35:11,821:WARNING:
'catboost' is a soft dependency and not included in the pycaret installation. Please run: `pip install catboost` to install.
Alternately, you can install this by running `pip install pycaret[models]`
2026-07-06 10:35:11,821:INFO:Preparing preprocessing pipeline...
2026-07-06 10:35:11,837:INFO:Set up simple imputation.
2026-07-06 10:35:11,837:INFO:Set up imbalanced handling.
2026-07-06 10:35:11,871:INFO:Finished creating preprocessing pipeline.
2026-07-06 10:35:11,871:INFO:Pipeline: Pipeline(memory=FastMemory(location=C:\Users\43285092\AppData\Local\Temp\joblib),
         steps=[('numerical_imputer',
                 TransformerWrapper(exclude=None, include=['HeartRate', 'HRV'],
                                    transformer=SimpleImputer(add_indicator=False,
                                                              copy=True,
                                                              fill_value=None,
                                                              keep_empty_features=False,
                                                              missing_values=nan,
                                                              strategy='mean'))),
                ('categorical_imputer',
                 TransformerWrapper(exclude=None, include=[],
                                    transformer=SimpleImputer(add_indicator=False,
                                                              copy=True,
                                                              fill_value=None,
                                                              keep_empty_features=False,
                                                              missing_values=nan,
                                                              strategy='most_frequent'))),
                ('balance',
                 TransformerWrapper(exclude=None, include=None,
                                    transformer=FixImbalancer(estimator=SMOTE(k_neighbors=5,
                                                                              random_state=42,
                                                                              sampling_strategy='auto'))))],
         verbose=False)
2026-07-06 10:35:11,871:INFO:Creating final display dataframe.
2026-07-06 10:35:12,054:INFO:Setup _display_container:                     Description             Value
0                    Session id                42
1                        Target             Label
2                   Target type        Multiclass
3           Original data shape        (44708, 3)
4        Transformed data shape       (113384, 3)
5   Transformed train set shape       (104442, 3)
6    Transformed test set shape         (8942, 3)
7              Numeric features                 2
8                    Preprocess              True
9               Imputation type            simple
10           Numeric imputation              mean
11       Categorical imputation              mode
12                Fix imbalance              True
13         Fix imbalance method             SMOTE
14               Fold Generator   StratifiedKFold
15                  Fold Number                10
16                     CPU Jobs                -1
17                      Use GPU             False
18               Log Experiment             False
19              Experiment Name  clf-default-name
20                          USI              1ef6
2026-07-06 10:35:12,121:INFO:Soft dependency imported: xgboost: 3.2.0
2026-07-06 10:35:12,121:WARNING:
'catboost' is a soft dependency and not included in the pycaret installation. Please run: `pip install catboost` to install.
Alternately, you can install this by running `pip install pycaret[models]`
2026-07-06 10:35:12,204:INFO:Soft dependency imported: xgboost: 3.2.0
2026-07-06 10:35:12,205:WARNING:
'catboost' is a soft dependency and not included in the pycaret installation. Please run: `pip install catboost` to install.
Alternately, you can install this by running `pip install pycaret[models]`
2026-07-06 10:35:12,205:INFO:setup() successfully completed in 1.9s...............
2026-07-06 10:35:28,737:WARNING:
'cuml' is a soft dependency and not included in the pycaret installation. Please run: `pip install cuml` to install.
2026-07-06 10:35:28,737:WARNING:
'cuml' is a soft dependency and not included in the pycaret installation. Please run: `pip install cuml` to install.
2026-07-06 10:35:28,737:WARNING:
'cuml' is a soft dependency and not included in the pycaret installation. Please run: `pip install cuml` to install.
2026-07-06 10:35:28,737:WARNING:
'cuml' is a soft dependency and not included in the pycaret installation. Please run: `pip install cuml` to install.
2026-07-06 10:35:29,606:INFO:PyCaret ClassificationExperiment
2026-07-06 10:35:29,606:INFO:Logging name: clf-default-name
2026-07-06 10:35:29,606:INFO:ML Usecase: MLUsecase.CLASSIFICATION
2026-07-06 10:35:29,606:INFO:version 3.3.2
2026-07-06 10:35:29,606:INFO:Initializing setup()
2026-07-06 10:35:29,606:INFO:self.USI: f1fa
2026-07-06 10:35:29,606:INFO:self._variable_keys: {'idx', 'USI', 'memory', 'n_jobs_param', 'pipeline', 'data', '_available_plots', 'y', 'seed', 'is_multiclass', 'target_param', 'gpu_n_jobs_param', 'X_test', 'fold_groups_param', 'y_train', 'exp_name_log', 'logging_param', 'fold_generator', 'html_param', '_ml_usecase', 'X_train', 'fix_imbalance', 'exp_id', 'gpu_param', 'X', 'fold_shuffle_param', 'y_test', 'log_plots_param'}
2026-07-06 10:35:29,606:INFO:Checking environment
2026-07-06 10:35:29,606:INFO:python_version: 3.11.15
2026-07-06 10:35:29,606:INFO:python_build: ('main', 'Jun 11 2026 15:12:53')
2026-07-06 10:35:29,606:INFO:machine: AMD64
2026-07-06 10:35:29,606:INFO:platform: Windows-10-10.0.26200-SP0
2026-07-06 10:35:29,606:INFO:Memory: svmem(total=16880164864, available=7671250944, percent=54.6, used=9208913920, free=7671250944)
2026-07-06 10:35:29,606:INFO:Physical Core: 8
2026-07-06 10:35:29,606:INFO:Logical Core: 16
2026-07-06 10:35:29,606:INFO:Checking libraries
2026-07-06 10:35:29,606:INFO:System:
2026-07-06 10:35:29,606:INFO:    python: 3.11.15 | packaged by Anaconda, Inc. | (main, Jun 11 2026, 15:12:53) [MSC v.1942 64 bit (AMD64)]
2026-07-06 10:35:29,606:INFO:executable: C:\Users\43285092\.conda\envs\pycaret_env\python.exe
2026-07-06 10:35:29,606:INFO:   machine: Windows-10-10.0.26200-SP0
2026-07-06 10:35:29,606:INFO:PyCaret required dependencies:
2026-07-06 10:35:29,606:WARNING:C:\Users\43285092\.conda\envs\pycaret_env\Lib\site-packages\_distutils_hack\__init__.py:30: UserWarning: Setuptools is replacing distutils. Support for replacing an already imported distutils is deprecated. In the future, this condition will fail. Register concerns at https://github.com/pypa/setuptools/issues/new?template=distutils-deprecation.yml
  warnings.warn(

2026-07-06 10:35:29,655:INFO:                 pip: 26.1.2
2026-07-06 10:35:29,655:INFO:          setuptools: 82.0.1
2026-07-06 10:35:29,655:INFO:             pycaret: 3.3.2
2026-07-06 10:35:29,655:INFO:             IPython: 9.15.0
2026-07-06 10:35:29,655:INFO:          ipywidgets: 8.1.8
2026-07-06 10:35:29,655:INFO:                tqdm: 4.68.3
2026-07-06 10:35:29,655:INFO:               numpy: 1.26.4
2026-07-06 10:35:29,655:INFO:              pandas: 2.1.4
2026-07-06 10:35:29,655:INFO:              jinja2: 3.1.6
2026-07-06 10:35:29,655:INFO:               scipy: 1.11.4
2026-07-06 10:35:29,655:INFO:              joblib: 1.3.2
2026-07-06 10:35:29,655:INFO:             sklearn: 1.4.2
2026-07-06 10:35:29,655:INFO:                pyod: 3.4.0
2026-07-06 10:35:29,655:INFO:            imblearn: 0.14.2
2026-07-06 10:35:29,655:INFO:   category_encoders: 2.7.0
2026-07-06 10:35:29,655:INFO:            lightgbm: 4.6.0
2026-07-06 10:35:29,655:INFO:               numba: 0.62.1
2026-07-06 10:35:29,655:INFO:            requests: 2.34.2
2026-07-06 10:35:29,655:INFO:          matplotlib: 3.7.5
2026-07-06 10:35:29,655:INFO:          scikitplot: 0.3.7
2026-07-06 10:35:29,655:INFO:         yellowbrick: 1.5
2026-07-06 10:35:29,655:INFO:              plotly: 6.8.0
2026-07-06 10:35:29,655:INFO:    plotly-resampler: Not installed
2026-07-06 10:35:29,655:INFO:             kaleido: 1.3.0
2026-07-06 10:35:29,655:INFO:           schemdraw: 0.15
2026-07-06 10:35:29,655:INFO:         statsmodels: 0.14.6
2026-07-06 10:35:29,655:INFO:              sktime: 0.26.0
2026-07-06 10:35:29,655:INFO:               tbats: 1.1.3
2026-07-06 10:35:29,655:INFO:            pmdarima: 2.0.4
2026-07-06 10:35:29,655:INFO:              psutil: 7.2.2
2026-07-06 10:35:29,655:INFO:          markupsafe: 3.0.3
2026-07-06 10:35:29,655:INFO:             pickle5: Not installed
2026-07-06 10:35:29,655:INFO:         cloudpickle: 3.1.2
2026-07-06 10:35:29,655:INFO:         deprecation: 2.1.0
2026-07-06 10:35:29,655:INFO:              xxhash: 3.8.0
2026-07-06 10:35:29,655:INFO:           wurlitzer: Not installed
2026-07-06 10:35:29,655:INFO:PyCaret optional dependencies:
2026-07-06 10:35:30,721:INFO:                shap: 0.44.1
2026-07-06 10:35:30,721:INFO:           interpret: 0.6.9
2026-07-06 10:35:30,721:INFO:                umap: 0.5.7
2026-07-06 10:35:30,721:INFO:     ydata_profiling: 4.18.4
2026-07-06 10:35:30,721:INFO:  explainerdashboard: 0.5.8
2026-07-06 10:35:30,721:INFO:             autoviz: Not installed
2026-07-06 10:35:30,721:INFO:           fairlearn: 0.7.0
2026-07-06 10:35:30,721:INFO:          deepchecks: Not installed
2026-07-06 10:35:30,721:INFO:             xgboost: 3.2.0
2026-07-06 10:35:30,721:INFO:            catboost: Not installed
2026-07-06 10:35:30,721:INFO:              kmodes: Not installed
2026-07-06 10:35:30,721:INFO:             mlxtend: Not installed
2026-07-06 10:35:30,721:INFO:       statsforecast: Not installed
2026-07-06 10:35:30,721:INFO:        tune_sklearn: Not installed
2026-07-06 10:35:30,721:INFO:                 ray: Not installed
2026-07-06 10:35:30,721:INFO:            hyperopt: Not installed
2026-07-06 10:35:30,721:INFO:              optuna: Not installed
2026-07-06 10:35:30,721:INFO:               skopt: Not installed
2026-07-06 10:35:30,721:INFO:              mlflow: Not installed
2026-07-06 10:35:30,721:INFO:              gradio: Not installed
2026-07-06 10:35:30,721:INFO:             fastapi: Not installed
2026-07-06 10:35:30,721:INFO:             uvicorn: Not installed
2026-07-06 10:35:30,721:INFO:              m2cgen: Not installed
2026-07-06 10:35:30,721:INFO:           evidently: Not installed
2026-07-06 10:35:30,721:INFO:               fugue: Not installed
2026-07-06 10:35:30,721:INFO:           streamlit: Not installed
2026-07-06 10:35:30,721:INFO:             prophet: Not installed
2026-07-06 10:35:30,721:INFO:None
2026-07-06 10:35:30,721:INFO:Set up data.
2026-07-06 10:35:30,721:INFO:Set up folding strategy.
2026-07-06 10:35:30,721:INFO:Set up train/test split.
2026-07-06 10:35:30,738:INFO:Set up index.
2026-07-06 10:35:30,738:INFO:Assigning column types.
2026-07-06 10:35:30,738:INFO:Engine successfully changes for model 'lr' to 'sklearn'.
2026-07-06 10:35:30,771:INFO:Engine for model 'knn' has not been set explicitly, hence returning None.
2026-07-06 10:35:30,787:INFO:Engine for model 'rbfsvm' has not been set explicitly, hence returning None.
2026-07-06 10:35:30,804:INFO:Soft dependency imported: xgboost: 3.2.0
2026-07-06 10:35:30,804:WARNING:
'catboost' is a soft dependency and not included in the pycaret installation. Please run: `pip install catboost` to install.
Alternately, you can install this by running `pip install pycaret[models]`
2026-07-06 10:35:30,854:INFO:Engine for model 'knn' has not been set explicitly, hence returning None.
2026-07-06 10:35:30,854:INFO:Engine for model 'rbfsvm' has not been set explicitly, hence returning None.
2026-07-06 10:35:30,871:INFO:Soft dependency imported: xgboost: 3.2.0
2026-07-06 10:35:30,871:WARNING:
'catboost' is a soft dependency and not included in the pycaret installation. Please run: `pip install catboost` to install.
Alternately, you can install this by running `pip install pycaret[models]`
2026-07-06 10:35:30,871:INFO:Engine successfully changes for model 'knn' to 'sklearn'.
2026-07-06 10:35:30,920:INFO:Engine for model 'rbfsvm' has not been set explicitly, hence returning None.
2026-07-06 10:35:30,937:INFO:Soft dependency imported: xgboost: 3.2.0
2026-07-06 10:35:30,937:WARNING:
'catboost' is a soft dependency and not included in the pycaret installation. Please run: `pip install catboost` to install.
Alternately, you can install this by running `pip install pycaret[models]`
2026-07-06 10:35:30,971:INFO:Engine for model 'rbfsvm' has not been set explicitly, hence returning None.
2026-07-06 10:35:31,004:INFO:Soft dependency imported: xgboost: 3.2.0
2026-07-06 10:35:31,004:WARNING:
'catboost' is a soft dependency and not included in the pycaret installation. Please run: `pip install catboost` to install.
Alternately, you can install this by running `pip install pycaret[models]`
2026-07-06 10:35:31,004:INFO:Engine successfully changes for model 'rbfsvm' to 'sklearn'.
2026-07-06 10:35:31,071:INFO:Soft dependency imported: xgboost: 3.2.0
2026-07-06 10:35:31,071:WARNING:
'catboost' is a soft dependency and not included in the pycaret installation. Please run: `pip install catboost` to install.
Alternately, you can install this by running `pip install pycaret[models]`
2026-07-06 10:35:31,121:INFO:Soft dependency imported: xgboost: 3.2.0
2026-07-06 10:35:31,137:WARNING:
'catboost' is a soft dependency and not included in the pycaret installation. Please run: `pip install catboost` to install.
Alternately, you can install this by running `pip install pycaret[models]`
2026-07-06 10:35:31,138:INFO:Preparing preprocessing pipeline...
2026-07-06 10:35:31,138:INFO:Set up simple imputation.
2026-07-06 10:35:31,138:INFO:Set up imbalanced handling.
2026-07-06 10:35:31,155:INFO:Finished creating preprocessing pipeline.
2026-07-06 10:35:31,155:INFO:Pipeline: Pipeline(memory=FastMemory(location=C:\Users\43285092\AppData\Local\Temp\joblib),
         steps=[('numerical_imputer',
                 TransformerWrapper(exclude=None, include=['HeartRate', 'HRV'],
                                    transformer=SimpleImputer(add_indicator=False,
                                                              copy=True,
                                                              fill_value=None,
                                                              keep_empty_features=False,
                                                              missing_values=nan,
                                                              strategy='mean'))),
                ('categorical_imputer',
                 TransformerWrapper(exclude=None, include=[],
                                    transformer=SimpleImputer(add_indicator=False,
                                                              copy=True,
                                                              fill_value=None,
                                                              keep_empty_features=False,
                                                              missing_values=nan,
                                                              strategy='most_frequent'))),
                ('balance',
                 TransformerWrapper(exclude=None, include=None,
                                    transformer=FixImbalancer(estimator=SMOTE(k_neighbors=5,
                                                                              random_state=42,
                                                                              sampling_strategy='auto'))))],
         verbose=False)
2026-07-06 10:35:31,155:INFO:Creating final display dataframe.
2026-07-06 10:35:31,336:INFO:Setup _display_container:                     Description             Value
0                    Session id                42
1                        Target             Label
2                   Target type        Multiclass
3           Original data shape        (44708, 3)
4        Transformed data shape       (113384, 3)
5   Transformed train set shape       (104442, 3)
6    Transformed test set shape         (8942, 3)
7              Numeric features                 2
8                    Preprocess              True
9               Imputation type            simple
10           Numeric imputation              mean
11       Categorical imputation              mode
12                Fix imbalance              True
13         Fix imbalance method             SMOTE
14               Fold Generator   StratifiedKFold
15                  Fold Number                10
16                     CPU Jobs                -1
17                      Use GPU             False
18               Log Experiment             False
19              Experiment Name  clf-default-name
20                          USI              f1fa
2026-07-06 10:35:31,388:INFO:Soft dependency imported: xgboost: 3.2.0
2026-07-06 10:35:31,404:WARNING:
'catboost' is a soft dependency and not included in the pycaret installation. Please run: `pip install catboost` to install.
Alternately, you can install this by running `pip install pycaret[models]`
2026-07-06 10:35:31,454:INFO:Soft dependency imported: xgboost: 3.2.0
2026-07-06 10:35:31,454:WARNING:
'catboost' is a soft dependency and not included in the pycaret installation. Please run: `pip install catboost` to install.
Alternately, you can install this by running `pip install pycaret[models]`
2026-07-06 10:35:31,470:INFO:setup() successfully completed in 1.87s...............
2026-07-06 10:35:31,471:INFO:Initializing compare_models()
2026-07-06 10:35:31,471:INFO:compare_models(self=<pycaret.classification.oop.ClassificationExperiment object at 0x00000271A5416010>, include=['lr', 'rf', 'knn', 'xgboost'], exclude=None, fold=None, round=4, cross_validation=True, sort=F1, n_select=1, budget_time=None, turbo=True, errors=ignore, fit_kwargs=None, groups=None, experiment_custom_tags=None, probability_threshold=None, verbose=True, parallel=None, caller_params={'self': <pycaret.classification.oop.ClassificationExperiment object at 0x00000271A5416010>, 'include': ['lr', 'rf', 'knn', 'xgboost'], 'exclude': None, 'fold': None, 'round': 4, 'cross_validation': True, 'sort': 'F1', 'n_select': 1, 'budget_time': None, 'turbo': True, 'errors': 'ignore', 'fit_kwargs': None, 'groups': None, 'experiment_custom_tags': None, 'probability_threshold': None, 'engine': None, 'verbose': True, 'parallel': None, '__class__': <class 'pycaret.classification.oop.ClassificationExperiment'>})
2026-07-06 10:35:31,471:INFO:Checking exceptions
2026-07-06 10:35:31,472:INFO:Preparing display monitor
2026-07-06 10:35:31,472:INFO:Initializing Logistic Regression
2026-07-06 10:35:31,472:INFO:Total runtime is 0.0 minutes
2026-07-06 10:35:31,472:INFO:SubProcess create_model() called ==================================
2026-07-06 10:35:31,472:INFO:Initializing create_model()
2026-07-06 10:35:31,472:INFO:create_model(self=<pycaret.classification.oop.ClassificationExperiment object at 0x00000271A5416010>, estimator=lr, fold=StratifiedKFold(n_splits=10, random_state=None, shuffle=False), round=4, cross_validation=True, predict=True, fit_kwargs={}, groups=None, refit=False, probability_threshold=None, experiment_custom_tags=None, verbose=False, system=False, add_to_model_list=True, metrics=None, display=<pycaret.internal.display.display.CommonDisplay object at 0x00000271ACD73FD0>, model_only=True, return_train_score=False, error_score=0.0, kwargs={})
2026-07-06 10:35:31,472:INFO:Checking exceptions
2026-07-06 10:35:31,472:INFO:Importing libraries
2026-07-06 10:35:31,472:INFO:Copying training dataset
2026-07-06 10:35:31,472:INFO:Defining folds
2026-07-06 10:35:31,472:INFO:Declaring metric variables
2026-07-06 10:35:31,472:INFO:Importing untrained model
2026-07-06 10:35:31,472:INFO:Logistic Regression Imported successfully
2026-07-06 10:35:31,472:INFO:Starting cross validation
2026-07-06 10:35:31,487:INFO:Cross validating with StratifiedKFold(n_splits=10, random_state=None, shuffle=False), n_jobs=-1
2026-07-06 10:35:34,728:WARNING:C:\Users\43285092\.conda\envs\pycaret_env\Lib\site-packages\_distutils_hack\__init__.py:30: UserWarning: Setuptools is replacing distutils. Support for replacing an already imported distutils is deprecated. In the future, this condition will fail. Register concerns at https://github.com/pypa/setuptools/issues/new?template=distutils-deprecation.yml
  warnings.warn(

2026-07-06 10:35:34,730:WARNING:C:\Users\43285092\.conda\envs\pycaret_env\Lib\site-packages\_distutils_hack\__init__.py:30: UserWarning: Setuptools is replacing distutils. Support for replacing an already imported distutils is deprecated. In the future, this condition will fail. Register concerns at https://github.com/pypa/setuptools/issues/new?template=distutils-deprecation.yml
  warnings.warn(

2026-07-06 10:35:34,742:WARNING:C:\Users\43285092\.conda\envs\pycaret_env\Lib\site-packages\_distutils_hack\__init__.py:30: UserWarning: Setuptools is replacing distutils. Support for replacing an already imported distutils is deprecated. In the future, this condition will fail. Register concerns at https://github.com/pypa/setuptools/issues/new?template=distutils-deprecation.yml
  warnings.warn(

2026-07-06 10:35:34,756:WARNING:C:\Users\43285092\.conda\envs\pycaret_env\Lib\site-packages\_distutils_hack\__init__.py:30: UserWarning: Setuptools is replacing distutils. Support for replacing an already imported distutils is deprecated. In the future, this condition will fail. Register concerns at https://github.com/pypa/setuptools/issues/new?template=distutils-deprecation.yml
  warnings.warn(

2026-07-06 10:35:34,763:WARNING:C:\Users\43285092\.conda\envs\pycaret_env\Lib\site-packages\_distutils_hack\__init__.py:30: UserWarning: Setuptools is replacing distutils. Support for replacing an already imported distutils is deprecated. In the future, this condition will fail. Register concerns at https://github.com/pypa/setuptools/issues/new?template=distutils-deprecation.yml
  warnings.warn(

2026-07-06 10:35:34,770:WARNING:C:\Users\43285092\.conda\envs\pycaret_env\Lib\site-packages\_distutils_hack\__init__.py:30: UserWarning: Setuptools is replacing distutils. Support for replacing an already imported distutils is deprecated. In the future, this condition will fail. Register concerns at https://github.com/pypa/setuptools/issues/new?template=distutils-deprecation.yml
  warnings.warn(

2026-07-06 10:35:34,788:WARNING:C:\Users\43285092\.conda\envs\pycaret_env\Lib\site-packages\_distutils_hack\__init__.py:30: UserWarning: Setuptools is replacing distutils. Support for replacing an already imported distutils is deprecated. In the future, this condition will fail. Register concerns at https://github.com/pypa/setuptools/issues/new?template=distutils-deprecation.yml
  warnings.warn(

2026-07-06 10:35:34,789:WARNING:C:\Users\43285092\.conda\envs\pycaret_env\Lib\site-packages\_distutils_hack\__init__.py:30: UserWarning: Setuptools is replacing distutils. Support for replacing an already imported distutils is deprecated. In the future, this condition will fail. Register concerns at https://github.com/pypa/setuptools/issues/new?template=distutils-deprecation.yml
  warnings.warn(

2026-07-06 10:35:34,794:WARNING:C:\Users\43285092\.conda\envs\pycaret_env\Lib\site-packages\_distutils_hack\__init__.py:30: UserWarning: Setuptools is replacing distutils. Support for replacing an already imported distutils is deprecated. In the future, this condition will fail. Register concerns at https://github.com/pypa/setuptools/issues/new?template=distutils-deprecation.yml
  warnings.warn(

2026-07-06 10:35:34,825:WARNING:C:\Users\43285092\.conda\envs\pycaret_env\Lib\site-packages\_distutils_hack\__init__.py:30: UserWarning: Setuptools is replacing distutils. Support for replacing an already imported distutils is deprecated. In the future, this condition will fail. Register concerns at https://github.com/pypa/setuptools/issues/new?template=distutils-deprecation.yml
  warnings.warn(

2026-07-06 10:35:36,785:WARNING:C:\Users\43285092\.conda\envs\pycaret_env\Lib\site-packages\pycaret\internal\metrics.py:204: FitFailedWarning: Metric 'make_scorer(roc_auc_score, response_method=('decision_function', 'predict_proba'), average=weighted, multi_class=ovr)' failed and error score 0.0 has been returned instead. If this is a custom metric, this usually means that the error is in the metric code. Full exception below:
Traceback (most recent call last):
  File "C:\Users\43285092\.conda\envs\pycaret_env\Lib\site-packages\pycaret\internal\metrics.py", line 196, in _score
    return super()._score(
           ^^^^^^^^^^^^^^^
  File "C:\Users\43285092\.conda\envs\pycaret_env\Lib\site-packages\sklearn\metrics\_scorer.py", line 350, in _score
    return self._sign * self._score_func(y_true, y_pred, **scoring_kwargs)
                        ^^^^^^^^^^^^^^^^^^^^^^^^^^^^^^^^^^^^^^^^^^^^^^^^^^
  File "C:\Users\43285092\.conda\envs\pycaret_env\Lib\site-packages\pycaret\internal\metrics.py", line 144, in __call__
    return self.score_func(y_true, y_pred, **kwargs)
           ^^^^^^^^^^^^^^^^^^^^^^^^^^^^^^^^^^^^^^^^^
  File "C:\Users\43285092\.conda\envs\pycaret_env\Lib\site-packages\sklearn\utils\_param_validation.py", line 213, in wrapper
    return func(*args, **kwargs)
           ^^^^^^^^^^^^^^^^^^^^^
  File "C:\Users\43285092\.conda\envs\pycaret_env\Lib\site-packages\sklearn\metrics\_ranking.py", line 634, in roc_auc_score
    return _multiclass_roc_auc_score(
           ^^^^^^^^^^^^^^^^^^^^^^^^^^
  File "C:\Users\43285092\.conda\envs\pycaret_env\Lib\site-packages\sklearn\metrics\_ranking.py", line 707, in _multiclass_roc_auc_score
    raise ValueError(
ValueError: Target scores need to be probabilities for multiclass roc_auc, i.e. they should sum up to 1.0 over classes

  warnings.warn(

2026-07-06 10:35:36,876:WARNING:C:\Users\43285092\.conda\envs\pycaret_env\Lib\site-packages\pycaret\internal\metrics.py:204: FitFailedWarning: Metric 'make_scorer(roc_auc_score, response_method=('decision_function', 'predict_proba'), average=weighted, multi_class=ovr)' failed and error score 0.0 has been returned instead. If this is a custom metric, this usually means that the error is in the metric code. Full exception below:
Traceback (most recent call last):
  File "C:\Users\43285092\.conda\envs\pycaret_env\Lib\site-packages\pycaret\internal\metrics.py", line 196, in _score
    return super()._score(
           ^^^^^^^^^^^^^^^
  File "C:\Users\43285092\.conda\envs\pycaret_env\Lib\site-packages\sklearn\metrics\_scorer.py", line 350, in _score
    return self._sign * self._score_func(y_true, y_pred, **scoring_kwargs)
                        ^^^^^^^^^^^^^^^^^^^^^^^^^^^^^^^^^^^^^^^^^^^^^^^^^^
  File "C:\Users\43285092\.conda\envs\pycaret_env\Lib\site-packages\pycaret\internal\metrics.py", line 144, in __call__
    return self.score_func(y_true, y_pred, **kwargs)
           ^^^^^^^^^^^^^^^^^^^^^^^^^^^^^^^^^^^^^^^^^
  File "C:\Users\43285092\.conda\envs\pycaret_env\Lib\site-packages\sklearn\utils\_param_validation.py", line 213, in wrapper
    return func(*args, **kwargs)
           ^^^^^^^^^^^^^^^^^^^^^
  File "C:\Users\43285092\.conda\envs\pycaret_env\Lib\site-packages\sklearn\metrics\_ranking.py", line 634, in roc_auc_score
    return _multiclass_roc_auc_score(
           ^^^^^^^^^^^^^^^^^^^^^^^^^^
  File "C:\Users\43285092\.conda\envs\pycaret_env\Lib\site-packages\sklearn\metrics\_ranking.py", line 707, in _multiclass_roc_auc_score
    raise ValueError(
ValueError: Target scores need to be probabilities for multiclass roc_auc, i.e. they should sum up to 1.0 over classes

  warnings.warn(

2026-07-06 10:35:36,892:WARNING:C:\Users\43285092\.conda\envs\pycaret_env\Lib\site-packages\pycaret\internal\metrics.py:204: FitFailedWarning: Metric 'make_scorer(roc_auc_score, response_method=('decision_function', 'predict_proba'), average=weighted, multi_class=ovr)' failed and error score 0.0 has been returned instead. If this is a custom metric, this usually means that the error is in the metric code. Full exception below:
Traceback (most recent call last):
  File "C:\Users\43285092\.conda\envs\pycaret_env\Lib\site-packages\pycaret\internal\metrics.py", line 196, in _score
    return super()._score(
           ^^^^^^^^^^^^^^^
  File "C:\Users\43285092\.conda\envs\pycaret_env\Lib\site-packages\sklearn\metrics\_scorer.py", line 350, in _score
    return self._sign * self._score_func(y_true, y_pred, **scoring_kwargs)
                        ^^^^^^^^^^^^^^^^^^^^^^^^^^^^^^^^^^^^^^^^^^^^^^^^^^
  File "C:\Users\43285092\.conda\envs\pycaret_env\Lib\site-packages\pycaret\internal\metrics.py", line 144, in __call__
    return self.score_func(y_true, y_pred, **kwargs)
           ^^^^^^^^^^^^^^^^^^^^^^^^^^^^^^^^^^^^^^^^^
  File "C:\Users\43285092\.conda\envs\pycaret_env\Lib\site-packages\sklearn\utils\_param_validation.py", line 213, in wrapper
    return func(*args, **kwargs)
           ^^^^^^^^^^^^^^^^^^^^^
  File "C:\Users\43285092\.conda\envs\pycaret_env\Lib\site-packages\sklearn\metrics\_ranking.py", line 634, in roc_auc_score
    return _multiclass_roc_auc_score(
           ^^^^^^^^^^^^^^^^^^^^^^^^^^
  File "C:\Users\43285092\.conda\envs\pycaret_env\Lib\site-packages\sklearn\metrics\_ranking.py", line 707, in _multiclass_roc_auc_score
    raise ValueError(
ValueError: Target scores need to be probabilities for multiclass roc_auc, i.e. they should sum up to 1.0 over classes

  warnings.warn(

2026-07-06 10:35:36,911:WARNING:C:\Users\43285092\.conda\envs\pycaret_env\Lib\site-packages\pycaret\internal\metrics.py:204: FitFailedWarning: Metric 'make_scorer(roc_auc_score, response_method=('decision_function', 'predict_proba'), average=weighted, multi_class=ovr)' failed and error score 0.0 has been returned instead. If this is a custom metric, this usually means that the error is in the metric code. Full exception below:
Traceback (most recent call last):
  File "C:\Users\43285092\.conda\envs\pycaret_env\Lib\site-packages\pycaret\internal\metrics.py", line 196, in _score
    return super()._score(
           ^^^^^^^^^^^^^^^
  File "C:\Users\43285092\.conda\envs\pycaret_env\Lib\site-packages\sklearn\metrics\_scorer.py", line 350, in _score
    return self._sign * self._score_func(y_true, y_pred, **scoring_kwargs)
                        ^^^^^^^^^^^^^^^^^^^^^^^^^^^^^^^^^^^^^^^^^^^^^^^^^^
  File "C:\Users\43285092\.conda\envs\pycaret_env\Lib\site-packages\pycaret\internal\metrics.py", line 144, in __call__
    return self.score_func(y_true, y_pred, **kwargs)
           ^^^^^^^^^^^^^^^^^^^^^^^^^^^^^^^^^^^^^^^^^
  File "C:\Users\43285092\.conda\envs\pycaret_env\Lib\site-packages\sklearn\utils\_param_validation.py", line 213, in wrapper
    return func(*args, **kwargs)
           ^^^^^^^^^^^^^^^^^^^^^
  File "C:\Users\43285092\.conda\envs\pycaret_env\Lib\site-packages\sklearn\metrics\_ranking.py", line 634, in roc_auc_score
    return _multiclass_roc_auc_score(
           ^^^^^^^^^^^^^^^^^^^^^^^^^^
  File "C:\Users\43285092\.conda\envs\pycaret_env\Lib\site-packages\sklearn\metrics\_ranking.py", line 707, in _multiclass_roc_auc_score
    raise ValueError(
ValueError: Target scores need to be probabilities for multiclass roc_auc, i.e. they should sum up to 1.0 over classes

  warnings.warn(

2026-07-06 10:35:36,945:WARNING:C:\Users\43285092\.conda\envs\pycaret_env\Lib\site-packages\pycaret\internal\metrics.py:204: FitFailedWarning: Metric 'make_scorer(roc_auc_score, response_method=('decision_function', 'predict_proba'), average=weighted, multi_class=ovr)' failed and error score 0.0 has been returned instead. If this is a custom metric, this usually means that the error is in the metric code. Full exception below:
Traceback (most recent call last):
  File "C:\Users\43285092\.conda\envs\pycaret_env\Lib\site-packages\pycaret\internal\metrics.py", line 196, in _score
    return super()._score(
           ^^^^^^^^^^^^^^^
  File "C:\Users\43285092\.conda\envs\pycaret_env\Lib\site-packages\sklearn\metrics\_scorer.py", line 350, in _score
    return self._sign * self._score_func(y_true, y_pred, **scoring_kwargs)
                        ^^^^^^^^^^^^^^^^^^^^^^^^^^^^^^^^^^^^^^^^^^^^^^^^^^
  File "C:\Users\43285092\.conda\envs\pycaret_env\Lib\site-packages\pycaret\internal\metrics.py", line 144, in __call__
    return self.score_func(y_true, y_pred, **kwargs)
           ^^^^^^^^^^^^^^^^^^^^^^^^^^^^^^^^^^^^^^^^^
  File "C:\Users\43285092\.conda\envs\pycaret_env\Lib\site-packages\sklearn\utils\_param_validation.py", line 213, in wrapper
    return func(*args, **kwargs)
           ^^^^^^^^^^^^^^^^^^^^^
  File "C:\Users\43285092\.conda\envs\pycaret_env\Lib\site-packages\sklearn\metrics\_ranking.py", line 634, in roc_auc_score
    return _multiclass_roc_auc_score(
           ^^^^^^^^^^^^^^^^^^^^^^^^^^
  File "C:\Users\43285092\.conda\envs\pycaret_env\Lib\site-packages\sklearn\metrics\_ranking.py", line 707, in _multiclass_roc_auc_score
    raise ValueError(
ValueError: Target scores need to be probabilities for multiclass roc_auc, i.e. they should sum up to 1.0 over classes

  warnings.warn(

2026-07-06 10:35:36,984:WARNING:C:\Users\43285092\.conda\envs\pycaret_env\Lib\site-packages\pycaret\internal\metrics.py:204: FitFailedWarning: Metric 'make_scorer(roc_auc_score, response_method=('decision_function', 'predict_proba'), average=weighted, multi_class=ovr)' failed and error score 0.0 has been returned instead. If this is a custom metric, this usually means that the error is in the metric code. Full exception below:
Traceback (most recent call last):
  File "C:\Users\43285092\.conda\envs\pycaret_env\Lib\site-packages\pycaret\internal\metrics.py", line 196, in _score
    return super()._score(
           ^^^^^^^^^^^^^^^
  File "C:\Users\43285092\.conda\envs\pycaret_env\Lib\site-packages\sklearn\metrics\_scorer.py", line 350, in _score
    return self._sign * self._score_func(y_true, y_pred, **scoring_kwargs)
                        ^^^^^^^^^^^^^^^^^^^^^^^^^^^^^^^^^^^^^^^^^^^^^^^^^^
  File "C:\Users\43285092\.conda\envs\pycaret_env\Lib\site-packages\pycaret\internal\metrics.py", line 144, in __call__
    return self.score_func(y_true, y_pred, **kwargs)
           ^^^^^^^^^^^^^^^^^^^^^^^^^^^^^^^^^^^^^^^^^
  File "C:\Users\43285092\.conda\envs\pycaret_env\Lib\site-packages\sklearn\utils\_param_validation.py", line 213, in wrapper
    return func(*args, **kwargs)
           ^^^^^^^^^^^^^^^^^^^^^
  File "C:\Users\43285092\.conda\envs\pycaret_env\Lib\site-packages\sklearn\metrics\_ranking.py", line 634, in roc_auc_score
    return _multiclass_roc_auc_score(
           ^^^^^^^^^^^^^^^^^^^^^^^^^^
  File "C:\Users\43285092\.conda\envs\pycaret_env\Lib\site-packages\sklearn\metrics\_ranking.py", line 707, in _multiclass_roc_auc_score
    raise ValueError(
ValueError: Target scores need to be probabilities for multiclass roc_auc, i.e. they should sum up to 1.0 over classes

  warnings.warn(

2026-07-06 10:35:36,989:WARNING:C:\Users\43285092\.conda\envs\pycaret_env\Lib\site-packages\pycaret\internal\metrics.py:204: FitFailedWarning: Metric 'make_scorer(roc_auc_score, response_method=('decision_function', 'predict_proba'), average=weighted, multi_class=ovr)' failed and error score 0.0 has been returned instead. If this is a custom metric, this usually means that the error is in the metric code. Full exception below:
Traceback (most recent call last):
  File "C:\Users\43285092\.conda\envs\pycaret_env\Lib\site-packages\pycaret\internal\metrics.py", line 196, in _score
    return super()._score(
           ^^^^^^^^^^^^^^^
  File "C:\Users\43285092\.conda\envs\pycaret_env\Lib\site-packages\sklearn\metrics\_scorer.py", line 350, in _score
    return self._sign * self._score_func(y_true, y_pred, **scoring_kwargs)
                        ^^^^^^^^^^^^^^^^^^^^^^^^^^^^^^^^^^^^^^^^^^^^^^^^^^
  File "C:\Users\43285092\.conda\envs\pycaret_env\Lib\site-packages\pycaret\internal\metrics.py", line 144, in __call__
    return self.score_func(y_true, y_pred, **kwargs)
           ^^^^^^^^^^^^^^^^^^^^^^^^^^^^^^^^^^^^^^^^^
  File "C:\Users\43285092\.conda\envs\pycaret_env\Lib\site-packages\sklearn\utils\_param_validation.py", line 213, in wrapper
    return func(*args, **kwargs)
           ^^^^^^^^^^^^^^^^^^^^^
  File "C:\Users\43285092\.conda\envs\pycaret_env\Lib\site-packages\sklearn\metrics\_ranking.py", line 634, in roc_auc_score
    return _multiclass_roc_auc_score(
           ^^^^^^^^^^^^^^^^^^^^^^^^^^
  File "C:\Users\43285092\.conda\envs\pycaret_env\Lib\site-packages\sklearn\metrics\_ranking.py", line 707, in _multiclass_roc_auc_score
    raise ValueError(
ValueError: Target scores need to be probabilities for multiclass roc_auc, i.e. they should sum up to 1.0 over classes

  warnings.warn(

2026-07-06 10:35:37,004:WARNING:C:\Users\43285092\.conda\envs\pycaret_env\Lib\site-packages\pycaret\internal\metrics.py:204: FitFailedWarning: Metric 'make_scorer(roc_auc_score, response_method=('decision_function', 'predict_proba'), average=weighted, multi_class=ovr)' failed and error score 0.0 has been returned instead. If this is a custom metric, this usually means that the error is in the metric code. Full exception below:
Traceback (most recent call last):
  File "C:\Users\43285092\.conda\envs\pycaret_env\Lib\site-packages\pycaret\internal\metrics.py", line 196, in _score
    return super()._score(
           ^^^^^^^^^^^^^^^
  File "C:\Users\43285092\.conda\envs\pycaret_env\Lib\site-packages\sklearn\metrics\_scorer.py", line 350, in _score
    return self._sign * self._score_func(y_true, y_pred, **scoring_kwargs)
                        ^^^^^^^^^^^^^^^^^^^^^^^^^^^^^^^^^^^^^^^^^^^^^^^^^^
  File "C:\Users\43285092\.conda\envs\pycaret_env\Lib\site-packages\pycaret\internal\metrics.py", line 144, in __call__
    return self.score_func(y_true, y_pred, **kwargs)
           ^^^^^^^^^^^^^^^^^^^^^^^^^^^^^^^^^^^^^^^^^
  File "C:\Users\43285092\.conda\envs\pycaret_env\Lib\site-packages\sklearn\utils\_param_validation.py", line 213, in wrapper
    return func(*args, **kwargs)
           ^^^^^^^^^^^^^^^^^^^^^
  File "C:\Users\43285092\.conda\envs\pycaret_env\Lib\site-packages\sklearn\metrics\_ranking.py", line 634, in roc_auc_score
    return _multiclass_roc_auc_score(
           ^^^^^^^^^^^^^^^^^^^^^^^^^^
  File "C:\Users\43285092\.conda\envs\pycaret_env\Lib\site-packages\sklearn\metrics\_ranking.py", line 707, in _multiclass_roc_auc_score
    raise ValueError(
ValueError: Target scores need to be probabilities for multiclass roc_auc, i.e. they should sum up to 1.0 over classes

  warnings.warn(

2026-07-06 10:35:37,078:WARNING:C:\Users\43285092\.conda\envs\pycaret_env\Lib\site-packages\pycaret\internal\metrics.py:204: FitFailedWarning: Metric 'make_scorer(roc_auc_score, response_method=('decision_function', 'predict_proba'), average=weighted, multi_class=ovr)' failed and error score 0.0 has been returned instead. If this is a custom metric, this usually means that the error is in the metric code. Full exception below:
Traceback (most recent call last):
  File "C:\Users\43285092\.conda\envs\pycaret_env\Lib\site-packages\pycaret\internal\metrics.py", line 196, in _score
    return super()._score(
           ^^^^^^^^^^^^^^^
  File "C:\Users\43285092\.conda\envs\pycaret_env\Lib\site-packages\sklearn\metrics\_scorer.py", line 350, in _score
    return self._sign * self._score_func(y_true, y_pred, **scoring_kwargs)
                        ^^^^^^^^^^^^^^^^^^^^^^^^^^^^^^^^^^^^^^^^^^^^^^^^^^
  File "C:\Users\43285092\.conda\envs\pycaret_env\Lib\site-packages\pycaret\internal\metrics.py", line 144, in __call__
    return self.score_func(y_true, y_pred, **kwargs)
           ^^^^^^^^^^^^^^^^^^^^^^^^^^^^^^^^^^^^^^^^^
  File "C:\Users\43285092\.conda\envs\pycaret_env\Lib\site-packages\sklearn\utils\_param_validation.py", line 213, in wrapper
    return func(*args, **kwargs)
           ^^^^^^^^^^^^^^^^^^^^^
  File "C:\Users\43285092\.conda\envs\pycaret_env\Lib\site-packages\sklearn\metrics\_ranking.py", line 634, in roc_auc_score
    return _multiclass_roc_auc_score(
           ^^^^^^^^^^^^^^^^^^^^^^^^^^
  File "C:\Users\43285092\.conda\envs\pycaret_env\Lib\site-packages\sklearn\metrics\_ranking.py", line 707, in _multiclass_roc_auc_score
    raise ValueError(
ValueError: Target scores need to be probabilities for multiclass roc_auc, i.e. they should sum up to 1.0 over classes

  warnings.warn(

2026-07-06 10:35:37,138:WARNING:C:\Users\43285092\.conda\envs\pycaret_env\Lib\site-packages\pycaret\internal\metrics.py:204: FitFailedWarning: Metric 'make_scorer(roc_auc_score, response_method=('decision_function', 'predict_proba'), average=weighted, multi_class=ovr)' failed and error score 0.0 has been returned instead. If this is a custom metric, this usually means that the error is in the metric code. Full exception below:
Traceback (most recent call last):
  File "C:\Users\43285092\.conda\envs\pycaret_env\Lib\site-packages\pycaret\internal\metrics.py", line 196, in _score
    return super()._score(
           ^^^^^^^^^^^^^^^
  File "C:\Users\43285092\.conda\envs\pycaret_env\Lib\site-packages\sklearn\metrics\_scorer.py", line 350, in _score
    return self._sign * self._score_func(y_true, y_pred, **scoring_kwargs)
                        ^^^^^^^^^^^^^^^^^^^^^^^^^^^^^^^^^^^^^^^^^^^^^^^^^^
  File "C:\Users\43285092\.conda\envs\pycaret_env\Lib\site-packages\pycaret\internal\metrics.py", line 144, in __call__
    return self.score_func(y_true, y_pred, **kwargs)
           ^^^^^^^^^^^^^^^^^^^^^^^^^^^^^^^^^^^^^^^^^
  File "C:\Users\43285092\.conda\envs\pycaret_env\Lib\site-packages\sklearn\utils\_param_validation.py", line 213, in wrapper
    return func(*args, **kwargs)
           ^^^^^^^^^^^^^^^^^^^^^
  File "C:\Users\43285092\.conda\envs\pycaret_env\Lib\site-packages\sklearn\metrics\_ranking.py", line 634, in roc_auc_score
    return _multiclass_roc_auc_score(
           ^^^^^^^^^^^^^^^^^^^^^^^^^^
  File "C:\Users\43285092\.conda\envs\pycaret_env\Lib\site-packages\sklearn\metrics\_ranking.py", line 707, in _multiclass_roc_auc_score
    raise ValueError(
ValueError: Target scores need to be probabilities for multiclass roc_auc, i.e. they should sum up to 1.0 over classes

  warnings.warn(

2026-07-06 10:35:37,161:INFO:Calculating mean and std
2026-07-06 10:35:37,161:INFO:Creating metrics dataframe
2026-07-06 10:35:37,161:INFO:Uploading results into container
2026-07-06 10:35:37,161:INFO:Uploading model into container now
2026-07-06 10:35:37,161:INFO:_master_model_container: 1
2026-07-06 10:35:37,161:INFO:_display_container: 2
2026-07-06 10:35:37,161:INFO:LogisticRegression(C=1.0, class_weight=None, dual=False, fit_intercept=True,
                   intercept_scaling=1, l1_ratio=None, max_iter=1000,
                   multi_class='auto', n_jobs=None, penalty='l2',
                   random_state=42, solver='lbfgs', tol=0.0001, verbose=0,
                   warm_start=False)
2026-07-06 10:35:37,161:INFO:create_model() successfully completed......................................
2026-07-06 10:35:37,271:INFO:SubProcess create_model() end ==================================
2026-07-06 10:35:37,271:INFO:Creating metrics dataframe
2026-07-06 10:35:37,271:INFO:Initializing Random Forest Classifier
2026-07-06 10:35:37,271:INFO:Total runtime is 0.09666032393773397 minutes
2026-07-06 10:35:37,271:INFO:SubProcess create_model() called ==================================
2026-07-06 10:35:37,271:INFO:Initializing create_model()
2026-07-06 10:35:37,271:INFO:create_model(self=<pycaret.classification.oop.ClassificationExperiment object at 0x00000271A5416010>, estimator=rf, fold=StratifiedKFold(n_splits=10, random_state=None, shuffle=False), round=4, cross_validation=True, predict=True, fit_kwargs={}, groups=None, refit=False, probability_threshold=None, experiment_custom_tags=None, verbose=False, system=False, add_to_model_list=True, metrics=None, display=<pycaret.internal.display.display.CommonDisplay object at 0x00000271ACD73FD0>, model_only=True, return_train_score=False, error_score=0.0, kwargs={})
2026-07-06 10:35:37,271:INFO:Checking exceptions
2026-07-06 10:35:37,271:INFO:Importing libraries
2026-07-06 10:35:37,271:INFO:Copying training dataset
2026-07-06 10:35:37,271:INFO:Defining folds
2026-07-06 10:35:37,271:INFO:Declaring metric variables
2026-07-06 10:35:37,271:INFO:Importing untrained model
2026-07-06 10:35:37,271:INFO:Random Forest Classifier Imported successfully
2026-07-06 10:35:37,271:INFO:Starting cross validation
2026-07-06 10:35:37,271:INFO:Cross validating with StratifiedKFold(n_splits=10, random_state=None, shuffle=False), n_jobs=-1
2026-07-06 10:35:43,199:WARNING:C:\Users\43285092\.conda\envs\pycaret_env\Lib\site-packages\_distutils_hack\__init__.py:30: UserWarning: Setuptools is replacing distutils. Support for replacing an already imported distutils is deprecated. In the future, this condition will fail. Register concerns at https://github.com/pypa/setuptools/issues/new?template=distutils-deprecation.yml
  warnings.warn(

2026-07-06 10:35:43,210:WARNING:C:\Users\43285092\.conda\envs\pycaret_env\Lib\site-packages\_distutils_hack\__init__.py:30: UserWarning: Setuptools is replacing distutils. Support for replacing an already imported distutils is deprecated. In the future, this condition will fail. Register concerns at https://github.com/pypa/setuptools/issues/new?template=distutils-deprecation.yml
  warnings.warn(

2026-07-06 10:35:43,210:WARNING:C:\Users\43285092\.conda\envs\pycaret_env\Lib\site-packages\_distutils_hack\__init__.py:30: UserWarning: Setuptools is replacing distutils. Support for replacing an already imported distutils is deprecated. In the future, this condition will fail. Register concerns at https://github.com/pypa/setuptools/issues/new?template=distutils-deprecation.yml
  warnings.warn(

2026-07-06 10:35:43,255:WARNING:C:\Users\43285092\.conda\envs\pycaret_env\Lib\site-packages\_distutils_hack\__init__.py:30: UserWarning: Setuptools is replacing distutils. Support for replacing an already imported distutils is deprecated. In the future, this condition will fail. Register concerns at https://github.com/pypa/setuptools/issues/new?template=distutils-deprecation.yml
  warnings.warn(

2026-07-06 10:35:43,305:WARNING:C:\Users\43285092\.conda\envs\pycaret_env\Lib\site-packages\_distutils_hack\__init__.py:30: UserWarning: Setuptools is replacing distutils. Support for replacing an already imported distutils is deprecated. In the future, this condition will fail. Register concerns at https://github.com/pypa/setuptools/issues/new?template=distutils-deprecation.yml
  warnings.warn(

2026-07-06 10:35:43,305:WARNING:C:\Users\43285092\.conda\envs\pycaret_env\Lib\site-packages\_distutils_hack\__init__.py:30: UserWarning: Setuptools is replacing distutils. Support for replacing an already imported distutils is deprecated. In the future, this condition will fail. Register concerns at https://github.com/pypa/setuptools/issues/new?template=distutils-deprecation.yml
  warnings.warn(

2026-07-06 10:35:49,918:INFO:Calculating mean and std
2026-07-06 10:35:49,918:INFO:Creating metrics dataframe
2026-07-06 10:35:49,923:INFO:Uploading results into container
2026-07-06 10:35:49,923:INFO:Uploading model into container now
2026-07-06 10:35:49,924:INFO:_master_model_container: 2
2026-07-06 10:35:49,924:INFO:_display_container: 2
2026-07-06 10:35:49,924:INFO:RandomForestClassifier(bootstrap=True, ccp_alpha=0.0, class_weight=None,
                       criterion='gini', max_depth=None, max_features='sqrt',
                       max_leaf_nodes=None, max_samples=None,
                       min_impurity_decrease=0.0, min_samples_leaf=1,
                       min_samples_split=2, min_weight_fraction_leaf=0.0,
                       monotonic_cst=None, n_estimators=100, n_jobs=-1,
                       oob_score=False, random_state=42, verbose=0,
                       warm_start=False)
2026-07-06 10:35:49,924:INFO:create_model() successfully completed......................................
2026-07-06 10:35:50,071:INFO:SubProcess create_model() end ==================================
2026-07-06 10:35:50,071:INFO:Creating metrics dataframe
2026-07-06 10:35:50,071:INFO:Initializing K Neighbors Classifier
2026-07-06 10:35:50,071:INFO:Total runtime is 0.3099907398223877 minutes
2026-07-06 10:35:50,071:INFO:SubProcess create_model() called ==================================
2026-07-06 10:35:50,071:INFO:Initializing create_model()
2026-07-06 10:35:50,071:INFO:create_model(self=<pycaret.classification.oop.ClassificationExperiment object at 0x00000271A5416010>, estimator=knn, fold=StratifiedKFold(n_splits=10, random_state=None, shuffle=False), round=4, cross_validation=True, predict=True, fit_kwargs={}, groups=None, refit=False, probability_threshold=None, experiment_custom_tags=None, verbose=False, system=False, add_to_model_list=True, metrics=None, display=<pycaret.internal.display.display.CommonDisplay object at 0x00000271ACD73FD0>, model_only=True, return_train_score=False, error_score=0.0, kwargs={})
2026-07-06 10:35:50,071:INFO:Checking exceptions
2026-07-06 10:35:50,071:INFO:Importing libraries
2026-07-06 10:35:50,071:INFO:Copying training dataset
2026-07-06 10:35:50,087:INFO:Defining folds
2026-07-06 10:35:50,087:INFO:Declaring metric variables
2026-07-06 10:35:50,087:INFO:Importing untrained model
2026-07-06 10:35:50,087:INFO:K Neighbors Classifier Imported successfully
2026-07-06 10:35:50,087:INFO:Starting cross validation
2026-07-06 10:35:50,087:INFO:Cross validating with StratifiedKFold(n_splits=10, random_state=None, shuffle=False), n_jobs=-1
2026-07-06 10:35:50,714:INFO:Calculating mean and std
2026-07-06 10:35:50,714:INFO:Creating metrics dataframe
2026-07-06 10:35:50,716:INFO:Uploading results into container
2026-07-06 10:35:50,716:INFO:Uploading model into container now
2026-07-06 10:35:50,716:INFO:_master_model_container: 3
2026-07-06 10:35:50,716:INFO:_display_container: 2
2026-07-06 10:35:50,716:INFO:KNeighborsClassifier(algorithm='auto', leaf_size=30, metric='minkowski',
                     metric_params=None, n_jobs=-1, n_neighbors=5, p=2,
                     weights='uniform')
2026-07-06 10:35:50,716:INFO:create_model() successfully completed......................................
2026-07-06 10:35:50,788:INFO:SubProcess create_model() end ==================================
2026-07-06 10:35:50,788:INFO:Creating metrics dataframe
2026-07-06 10:35:50,788:INFO:Initializing Extreme Gradient Boosting
2026-07-06 10:35:50,788:INFO:Total runtime is 0.32193243106206254 minutes
2026-07-06 10:35:50,788:INFO:SubProcess create_model() called ==================================
2026-07-06 10:35:50,788:INFO:Initializing create_model()
2026-07-06 10:35:50,788:INFO:create_model(self=<pycaret.classification.oop.ClassificationExperiment object at 0x00000271A5416010>, estimator=xgboost, fold=StratifiedKFold(n_splits=10, random_state=None, shuffle=False), round=4, cross_validation=True, predict=True, fit_kwargs={}, groups=None, refit=False, probability_threshold=None, experiment_custom_tags=None, verbose=False, system=False, add_to_model_list=True, metrics=None, display=<pycaret.internal.display.display.CommonDisplay object at 0x00000271ACD73FD0>, model_only=True, return_train_score=False, error_score=0.0, kwargs={})
2026-07-06 10:35:50,788:INFO:Checking exceptions
2026-07-06 10:35:50,788:INFO:Importing libraries
2026-07-06 10:35:50,788:INFO:Copying training dataset
2026-07-06 10:35:50,804:INFO:Defining folds
2026-07-06 10:35:50,804:INFO:Declaring metric variables
2026-07-06 10:35:50,804:INFO:Importing untrained model
2026-07-06 10:35:50,804:INFO:Extreme Gradient Boosting Imported successfully
2026-07-06 10:35:50,804:INFO:Starting cross validation
2026-07-06 10:35:50,804:INFO:Cross validating with StratifiedKFold(n_splits=10, random_state=None, shuffle=False), n_jobs=-1
2026-07-06 10:35:56,018:INFO:Calculating mean and std
2026-07-06 10:35:56,018:INFO:Creating metrics dataframe
2026-07-06 10:35:56,020:INFO:Uploading results into container
2026-07-06 10:35:56,020:INFO:Uploading model into container now
2026-07-06 10:35:56,021:INFO:_master_model_container: 4
2026-07-06 10:35:56,021:INFO:_display_container: 2
2026-07-06 10:35:56,021:INFO:XGBClassifier(base_score=None, booster='gbtree', callbacks=None,
              colsample_bylevel=None, colsample_bynode=None,
              colsample_bytree=None, device='cpu', early_stopping_rounds=None,
              enable_categorical=False, eval_metric=None, feature_types=None,
              feature_weights=None, gamma=None, grow_policy=None,
              importance_type=None, interaction_constraints=None,
              learning_rate=None, max_bin=None, max_cat_threshold=None,
              max_cat_to_onehot=None, max_delta_step=None, max_depth=None,
              max_leaves=None, min_child_weight=None, missing=nan,
              monotone_constraints=None, multi_strategy=None, n_estimators=None,
              n_jobs=-1, num_parallel_tree=None, ...)
2026-07-06 10:35:56,021:INFO:create_model() successfully completed......................................
2026-07-06 10:35:56,087:INFO:SubProcess create_model() end ==================================
2026-07-06 10:35:56,087:INFO:Creating metrics dataframe
2026-07-06 10:35:56,087:WARNING:C:\Users\43285092\.conda\envs\pycaret_env\Lib\site-packages\pycaret\internal\pycaret_experiment\supervised_experiment.py:339: FutureWarning: Styler.applymap has been deprecated. Use Styler.map instead.

2026-07-06 10:35:56,087:INFO:Initializing create_model()
2026-07-06 10:35:56,087:INFO:create_model(self=<pycaret.classification.oop.ClassificationExperiment object at 0x00000271A5416010>, estimator=RandomForestClassifier(bootstrap=True, ccp_alpha=0.0, class_weight=None,
                       criterion='gini', max_depth=None, max_features='sqrt',
                       max_leaf_nodes=None, max_samples=None,
                       min_impurity_decrease=0.0, min_samples_leaf=1,
                       min_samples_split=2, min_weight_fraction_leaf=0.0,
                       monotonic_cst=None, n_estimators=100, n_jobs=-1,
                       oob_score=False, random_state=42, verbose=0,
                       warm_start=False), fold=StratifiedKFold(n_splits=10, random_state=None, shuffle=False), round=4, cross_validation=False, predict=False, fit_kwargs={}, groups=None, refit=True, probability_threshold=None, experiment_custom_tags=None, verbose=False, system=False, add_to_model_list=True, metrics=None, display=None, model_only=True, return_train_score=False, error_score=0.0, kwargs={})
2026-07-06 10:35:56,087:INFO:Checking exceptions
2026-07-06 10:35:56,087:INFO:Importing libraries
2026-07-06 10:35:56,087:INFO:Copying training dataset
2026-07-06 10:35:56,104:INFO:Defining folds
2026-07-06 10:35:56,104:INFO:Declaring metric variables
2026-07-06 10:35:56,104:INFO:Importing untrained model
2026-07-06 10:35:56,104:INFO:Declaring custom model
2026-07-06 10:35:56,104:INFO:Random Forest Classifier Imported successfully
2026-07-06 10:35:56,104:INFO:Cross validation set to False
2026-07-06 10:35:56,104:INFO:Fitting Model
2026-07-06 10:35:57,487:INFO:RandomForestClassifier(bootstrap=True, ccp_alpha=0.0, class_weight=None,
                       criterion='gini', max_depth=None, max_features='sqrt',
                       max_leaf_nodes=None, max_samples=None,
                       min_impurity_decrease=0.0, min_samples_leaf=1,
                       min_samples_split=2, min_weight_fraction_leaf=0.0,
                       monotonic_cst=None, n_estimators=100, n_jobs=-1,
                       oob_score=False, random_state=42, verbose=0,
                       warm_start=False)
2026-07-06 10:35:57,487:INFO:create_model() successfully completed......................................
2026-07-06 10:35:57,600:INFO:_master_model_container: 4
2026-07-06 10:35:57,600:INFO:_display_container: 2
2026-07-06 10:35:57,600:INFO:RandomForestClassifier(bootstrap=True, ccp_alpha=0.0, class_weight=None,
                       criterion='gini', max_depth=None, max_features='sqrt',
                       max_leaf_nodes=None, max_samples=None,
                       min_impurity_decrease=0.0, min_samples_leaf=1,
                       min_samples_split=2, min_weight_fraction_leaf=0.0,
                       monotonic_cst=None, n_estimators=100, n_jobs=-1,
                       oob_score=False, random_state=42, verbose=0,
                       warm_start=False)
2026-07-06 10:35:57,602:INFO:compare_models() successfully completed......................................
2026-07-06 10:35:57,602:INFO:Initializing finalize_model()
2026-07-06 10:35:57,602:INFO:finalize_model(self=<pycaret.classification.oop.ClassificationExperiment object at 0x00000271A5416010>, estimator=RandomForestClassifier(bootstrap=True, ccp_alpha=0.0, class_weight=None,
                       criterion='gini', max_depth=None, max_features='sqrt',
                       max_leaf_nodes=None, max_samples=None,
                       min_impurity_decrease=0.0, min_samples_leaf=1,
                       min_samples_split=2, min_weight_fraction_leaf=0.0,
                       monotonic_cst=None, n_estimators=100, n_jobs=-1,
                       oob_score=False, random_state=42, verbose=0,
                       warm_start=False), fit_kwargs=None, groups=None, model_only=False, experiment_custom_tags=None)
2026-07-06 10:35:57,602:INFO:Finalizing RandomForestClassifier(bootstrap=True, ccp_alpha=0.0, class_weight=None,
                       criterion='gini', max_depth=None, max_features='sqrt',
                       max_leaf_nodes=None, max_samples=None,
                       min_impurity_decrease=0.0, min_samples_leaf=1,
                       min_samples_split=2, min_weight_fraction_leaf=0.0,
                       monotonic_cst=None, n_estimators=100, n_jobs=-1,
                       oob_score=False, random_state=42, verbose=0,
                       warm_start=False)
2026-07-06 10:35:57,606:INFO:Initializing create_model()
2026-07-06 10:35:57,606:INFO:create_model(self=<pycaret.classification.oop.ClassificationExperiment object at 0x00000271A5416010>, estimator=RandomForestClassifier(bootstrap=True, ccp_alpha=0.0, class_weight=None,
                       criterion='gini', max_depth=None, max_features='sqrt',
                       max_leaf_nodes=None, max_samples=None,
                       min_impurity_decrease=0.0, min_samples_leaf=1,
                       min_samples_split=2, min_weight_fraction_leaf=0.0,
                       monotonic_cst=None, n_estimators=100, n_jobs=-1,
                       oob_score=False, random_state=42, verbose=0,
                       warm_start=False), fold=None, round=4, cross_validation=False, predict=False, fit_kwargs={}, groups=None, refit=True, probability_threshold=None, experiment_custom_tags=None, verbose=False, system=False, add_to_model_list=False, metrics=None, display=None, model_only=False, return_train_score=False, error_score=0.0, kwargs={})
2026-07-06 10:35:57,606:INFO:Checking exceptions
2026-07-06 10:35:57,606:INFO:Importing libraries
2026-07-06 10:35:57,606:INFO:Copying training dataset
2026-07-06 10:35:57,606:INFO:Defining folds
2026-07-06 10:35:57,606:INFO:Declaring metric variables
2026-07-06 10:35:57,606:INFO:Importing untrained model
2026-07-06 10:35:57,606:INFO:Declaring custom model
2026-07-06 10:35:57,606:INFO:Random Forest Classifier Imported successfully
2026-07-06 10:35:57,606:INFO:Cross validation set to False
2026-07-06 10:35:57,606:INFO:Fitting Model
2026-07-06 10:35:59,575:INFO:Pipeline(memory=Memory(location=None),
         steps=[('numerical_imputer',
                 TransformerWrapper(exclude=None, include=['HeartRate', 'HRV'],
                                    transformer=SimpleImputer(add_indicator=False,
                                                              copy=True,
                                                              fill_value=None,
                                                              keep_empty_features=False,
                                                              missing_values=nan,
                                                              strategy='mean'))),
                ('categorical_imputer',
                 TransformerWrapper(exclude=None, include=[],
                                    transformer=SimpleImpu...
                 RandomForestClassifier(bootstrap=True, ccp_alpha=0.0,
                                        class_weight=None, criterion='gini',
                                        max_depth=None, max_features='sqrt',
                                        max_leaf_nodes=None, max_samples=None,
                                        min_impurity_decrease=0.0,
                                        min_samples_leaf=1, min_samples_split=2,
                                        min_weight_fraction_leaf=0.0,
                                        monotonic_cst=None, n_estimators=100,
                                        n_jobs=-1, oob_score=False,
                                        random_state=42, verbose=0,
                                        warm_start=False))],
         verbose=False)
2026-07-06 10:35:59,575:INFO:create_model() successfully completed......................................
2026-07-06 10:35:59,655:INFO:_master_model_container: 4
2026-07-06 10:35:59,655:INFO:_display_container: 2
2026-07-06 10:35:59,671:INFO:Pipeline(memory=Memory(location=None),
         steps=[('numerical_imputer',
                 TransformerWrapper(exclude=None, include=['HeartRate', 'HRV'],
                                    transformer=SimpleImputer(add_indicator=False,
                                                              copy=True,
                                                              fill_value=None,
                                                              keep_empty_features=False,
                                                              missing_values=nan,
                                                              strategy='mean'))),
                ('categorical_imputer',
                 TransformerWrapper(exclude=None, include=[],
                                    transformer=SimpleImpu...
                 RandomForestClassifier(bootstrap=True, ccp_alpha=0.0,
                                        class_weight=None, criterion='gini',
                                        max_depth=None, max_features='sqrt',
                                        max_leaf_nodes=None, max_samples=None,
                                        min_impurity_decrease=0.0,
                                        min_samples_leaf=1, min_samples_split=2,
                                        min_weight_fraction_leaf=0.0,
                                        monotonic_cst=None, n_estimators=100,
                                        n_jobs=-1, oob_score=False,
                                        random_state=42, verbose=0,
                                        warm_start=False))],
         verbose=False)
2026-07-06 10:35:59,671:INFO:finalize_model() successfully completed......................................
2026-07-06 10:35:59,754:INFO:Initializing save_model()
2026-07-06 10:35:59,754:INFO:save_model(model=Pipeline(memory=Memory(location=None),
         steps=[('numerical_imputer',
                 TransformerWrapper(exclude=None, include=['HeartRate', 'HRV'],
                                    transformer=SimpleImputer(add_indicator=False,
                                                              copy=True,
                                                              fill_value=None,
                                                              keep_empty_features=False,
                                                              missing_values=nan,
                                                              strategy='mean'))),
                ('categorical_imputer',
                 TransformerWrapper(exclude=None, include=[],
                                    transformer=SimpleImpu...
                 RandomForestClassifier(bootstrap=True, ccp_alpha=0.0,
                                        class_weight=None, criterion='gini',
                                        max_depth=None, max_features='sqrt',
                                        max_leaf_nodes=None, max_samples=None,
                                        min_impurity_decrease=0.0,
                                        min_samples_leaf=1, min_samples_split=2,
                                        min_weight_fraction_leaf=0.0,
                                        monotonic_cst=None, n_estimators=100,
                                        n_jobs=-1, oob_score=False,
                                        random_state=42, verbose=0,
                                        warm_start=False))],
         verbose=False), model_name=C:\Users\43285092\Desktop\projet_stage_robot\edge_server\ai_engine\med\best_automl_med_model, prep_pipe_=Pipeline(memory=FastMemory(location=C:\Users\43285092\AppData\Local\Temp\joblib),
         steps=[('numerical_imputer',
                 TransformerWrapper(exclude=None, include=['HeartRate', 'HRV'],
                                    transformer=SimpleImputer(add_indicator=False,
                                                              copy=True,
                                                              fill_value=None,
                                                              keep_empty_features=False,
                                                              missing_values=nan,
                                                              strategy='mean'))),
                ('categorical_imputer',
                 TransformerWrapper(exclude=None, include=[],
                                    transformer=SimpleImputer(add_indicator=False,
                                                              copy=True,
                                                              fill_value=None,
                                                              keep_empty_features=False,
                                                              missing_values=nan,
                                                              strategy='most_frequent'))),
                ('balance',
                 TransformerWrapper(exclude=None, include=None,
                                    transformer=FixImbalancer(estimator=SMOTE(k_neighbors=5,
                                                                              random_state=42,
                                                                              sampling_strategy='auto'))))],
         verbose=False), verbose=True, use_case=MLUsecase.CLASSIFICATION, kwargs={})
2026-07-06 10:35:59,754:INFO:Adding model into prep_pipe
2026-07-06 10:35:59,754:WARNING:Only Model saved as it was a pipeline.
2026-07-06 10:35:59,888:INFO:C:\Users\43285092\Desktop\projet_stage_robot\edge_server\ai_engine\med\best_automl_med_model.pkl saved in current working directory
2026-07-06 10:35:59,891:INFO:Pipeline(memory=Memory(location=None),
         steps=[('numerical_imputer',
                 TransformerWrapper(exclude=None, include=['HeartRate', 'HRV'],
                                    transformer=SimpleImputer(add_indicator=False,
                                                              copy=True,
                                                              fill_value=None,
                                                              keep_empty_features=False,
                                                              missing_values=nan,
                                                              strategy='mean'))),
                ('categorical_imputer',
                 TransformerWrapper(exclude=None, include=[],
                                    transformer=SimpleImpu...
                 RandomForestClassifier(bootstrap=True, ccp_alpha=0.0,
                                        class_weight=None, criterion='gini',
                                        max_depth=None, max_features='sqrt',
                                        max_leaf_nodes=None, max_samples=None,
                                        min_impurity_decrease=0.0,
                                        min_samples_leaf=1, min_samples_split=2,
                                        min_weight_fraction_leaf=0.0,
                                        monotonic_cst=None, n_estimators=100,
                                        n_jobs=-1, oob_score=False,
                                        random_state=42, verbose=0,
                                        warm_start=False))],
         verbose=False)
2026-07-06 10:35:59,891:INFO:save_model() successfully completed......................................
2026-07-06 10:48:54,618:WARNING:
'cuml' is a soft dependency and not included in the pycaret installation. Please run: `pip install cuml` to install.
2026-07-06 10:48:54,618:WARNING:
'cuml' is a soft dependency and not included in the pycaret installation. Please run: `pip install cuml` to install.
2026-07-06 10:48:54,618:WARNING:
'cuml' is a soft dependency and not included in the pycaret installation. Please run: `pip install cuml` to install.
2026-07-06 10:48:54,618:WARNING:
'cuml' is a soft dependency and not included in the pycaret installation. Please run: `pip install cuml` to install.
2026-07-06 10:48:56,353:INFO:PyCaret ClassificationExperiment
2026-07-06 10:48:56,353:INFO:Logging name: clf-default-name
2026-07-06 10:48:56,353:INFO:ML Usecase: MLUsecase.CLASSIFICATION
2026-07-06 10:48:56,353:INFO:version 3.3.2
2026-07-06 10:48:56,353:INFO:Initializing setup()
2026-07-06 10:48:56,353:INFO:self.USI: c471
2026-07-06 10:48:56,353:INFO:self._variable_keys: {'target_param', 'pipeline', 'fix_imbalance', 'seed', 'logging_param', 'X', '_available_plots', 'idx', 'gpu_n_jobs_param', 'y', '_ml_usecase', 'html_param', 'fold_shuffle_param', 'exp_id', 'memory', 'n_jobs_param', 'gpu_param', 'y_train', 'is_multiclass', 'exp_name_log', 'y_test', 'USI', 'log_plots_param', 'X_test', 'fold_generator', 'data', 'X_train', 'fold_groups_param'}
2026-07-06 10:48:56,353:INFO:Checking environment
2026-07-06 10:48:56,353:INFO:python_version: 3.11.15
2026-07-06 10:48:56,353:INFO:python_build: ('main', 'Jun 11 2026 15:12:53')
2026-07-06 10:48:56,353:INFO:machine: AMD64
2026-07-06 10:48:56,386:INFO:platform: Windows-10-10.0.26200-SP0
2026-07-06 10:48:56,386:INFO:Memory: svmem(total=16880164864, available=7183769600, percent=57.4, used=9696395264, free=7183769600)
2026-07-06 10:48:56,386:INFO:Physical Core: 8
2026-07-06 10:48:56,386:INFO:Logical Core: 16
2026-07-06 10:48:56,386:INFO:Checking libraries
2026-07-06 10:48:56,386:INFO:System:
2026-07-06 10:48:56,386:INFO:    python: 3.11.15 | packaged by Anaconda, Inc. | (main, Jun 11 2026, 15:12:53) [MSC v.1942 64 bit (AMD64)]
2026-07-06 10:48:56,386:INFO:executable: C:\Users\43285092\.conda\envs\pycaret_env\python.exe
2026-07-06 10:48:56,386:INFO:   machine: Windows-10-10.0.26200-SP0
2026-07-06 10:48:56,386:INFO:PyCaret required dependencies:
2026-07-06 10:48:56,386:WARNING:C:\Users\43285092\.conda\envs\pycaret_env\Lib\site-packages\_distutils_hack\__init__.py:30: UserWarning: Setuptools is replacing distutils. Support for replacing an already imported distutils is deprecated. In the future, this condition will fail. Register concerns at https://github.com/pypa/setuptools/issues/new?template=distutils-deprecation.yml
  warnings.warn(

2026-07-06 10:48:56,435:INFO:                 pip: 26.1.2
2026-07-06 10:48:56,435:INFO:          setuptools: 82.0.1
2026-07-06 10:48:56,435:INFO:             pycaret: 3.3.2
2026-07-06 10:48:56,435:INFO:             IPython: 9.15.0
2026-07-06 10:48:56,435:INFO:          ipywidgets: 8.1.8
2026-07-06 10:48:56,435:INFO:                tqdm: 4.68.3
2026-07-06 10:48:56,435:INFO:               numpy: 1.26.4
2026-07-06 10:48:56,435:INFO:              pandas: 2.1.4
2026-07-06 10:48:56,435:INFO:              jinja2: 3.1.6
2026-07-06 10:48:56,435:INFO:               scipy: 1.11.4
2026-07-06 10:48:56,435:INFO:              joblib: 1.3.2
2026-07-06 10:48:56,435:INFO:             sklearn: 1.4.2
2026-07-06 10:48:56,435:INFO:                pyod: 3.4.0
2026-07-06 10:48:56,435:INFO:            imblearn: 0.14.2
2026-07-06 10:48:56,435:INFO:   category_encoders: 2.7.0
2026-07-06 10:48:56,435:INFO:            lightgbm: 4.6.0
2026-07-06 10:48:56,435:INFO:               numba: 0.62.1
2026-07-06 10:48:56,435:INFO:            requests: 2.34.2
2026-07-06 10:48:56,435:INFO:          matplotlib: 3.7.5
2026-07-06 10:48:56,435:INFO:          scikitplot: 0.3.7
2026-07-06 10:48:56,435:INFO:         yellowbrick: 1.5
2026-07-06 10:48:56,435:INFO:              plotly: 6.8.0
2026-07-06 10:48:56,435:INFO:    plotly-resampler: Not installed
2026-07-06 10:48:56,435:INFO:             kaleido: 1.3.0
2026-07-06 10:48:56,435:INFO:           schemdraw: 0.15
2026-07-06 10:48:56,435:INFO:         statsmodels: 0.14.6
2026-07-06 10:48:56,435:INFO:              sktime: 0.26.0
2026-07-06 10:48:56,435:INFO:               tbats: 1.1.3
2026-07-06 10:48:56,435:INFO:            pmdarima: 2.0.4
2026-07-06 10:48:56,435:INFO:              psutil: 7.2.2
2026-07-06 10:48:56,435:INFO:          markupsafe: 3.0.3
2026-07-06 10:48:56,435:INFO:             pickle5: Not installed
2026-07-06 10:48:56,435:INFO:         cloudpickle: 3.1.2
2026-07-06 10:48:56,435:INFO:         deprecation: 2.1.0
2026-07-06 10:48:56,435:INFO:              xxhash: 3.8.0
2026-07-06 10:48:56,435:INFO:           wurlitzer: Not installed
2026-07-06 10:48:56,435:INFO:PyCaret optional dependencies:
2026-07-06 10:48:57,936:INFO:                shap: 0.44.1
2026-07-06 10:48:57,936:INFO:           interpret: 0.6.9
2026-07-06 10:48:57,936:INFO:                umap: 0.5.7
2026-07-06 10:48:57,936:INFO:     ydata_profiling: 4.18.4
2026-07-06 10:48:57,936:INFO:  explainerdashboard: 0.5.8
2026-07-06 10:48:57,936:INFO:             autoviz: Not installed
2026-07-06 10:48:57,936:INFO:           fairlearn: 0.7.0
2026-07-06 10:48:57,936:INFO:          deepchecks: Not installed
2026-07-06 10:48:57,936:INFO:             xgboost: 3.2.0
2026-07-06 10:48:57,936:INFO:            catboost: Not installed
2026-07-06 10:48:57,936:INFO:              kmodes: Not installed
2026-07-06 10:48:57,936:INFO:             mlxtend: Not installed
2026-07-06 10:48:57,936:INFO:       statsforecast: Not installed
2026-07-06 10:48:57,936:INFO:        tune_sklearn: Not installed
2026-07-06 10:48:57,936:INFO:                 ray: Not installed
2026-07-06 10:48:57,936:INFO:            hyperopt: Not installed
2026-07-06 10:48:57,936:INFO:              optuna: Not installed
2026-07-06 10:48:57,936:INFO:               skopt: Not installed
2026-07-06 10:48:57,936:INFO:              mlflow: Not installed
2026-07-06 10:48:57,936:INFO:              gradio: Not installed
2026-07-06 10:48:57,936:INFO:             fastapi: Not installed
2026-07-06 10:48:57,936:INFO:             uvicorn: Not installed
2026-07-06 10:48:57,936:INFO:              m2cgen: Not installed
2026-07-06 10:48:57,936:INFO:           evidently: Not installed
2026-07-06 10:48:57,936:INFO:               fugue: Not installed
2026-07-06 10:48:57,936:INFO:           streamlit: Not installed
2026-07-06 10:48:57,936:INFO:             prophet: Not installed
2026-07-06 10:48:57,936:INFO:None
2026-07-06 10:48:57,936:INFO:Set up data.
2026-07-06 10:48:57,936:INFO:Set up folding strategy.
2026-07-06 10:48:57,936:INFO:Set up train/test split.
2026-07-06 10:48:57,952:INFO:Set up index.
2026-07-06 10:48:57,952:INFO:Assigning column types.
2026-07-06 10:48:57,952:INFO:Engine successfully changes for model 'lr' to 'sklearn'.
2026-07-06 10:48:57,985:INFO:Engine for model 'knn' has not been set explicitly, hence returning None.
2026-07-06 10:48:57,985:INFO:Engine for model 'rbfsvm' has not been set explicitly, hence returning None.
2026-07-06 10:48:58,018:INFO:Soft dependency imported: xgboost: 3.2.0
2026-07-06 10:48:58,018:WARNING:
'catboost' is a soft dependency and not included in the pycaret installation. Please run: `pip install catboost` to install.
Alternately, you can install this by running `pip install pycaret[models]`
2026-07-06 10:48:58,052:INFO:Engine for model 'knn' has not been set explicitly, hence returning None.
2026-07-06 10:48:58,052:INFO:Engine for model 'rbfsvm' has not been set explicitly, hence returning None.
2026-07-06 10:48:58,068:INFO:Soft dependency imported: xgboost: 3.2.0
2026-07-06 10:48:58,085:WARNING:
'catboost' is a soft dependency and not included in the pycaret installation. Please run: `pip install catboost` to install.
Alternately, you can install this by running `pip install pycaret[models]`
2026-07-06 10:48:58,085:INFO:Engine successfully changes for model 'knn' to 'sklearn'.
2026-07-06 10:48:58,118:INFO:Engine for model 'rbfsvm' has not been set explicitly, hence returning None.
2026-07-06 10:48:58,135:INFO:Soft dependency imported: xgboost: 3.2.0
2026-07-06 10:48:58,135:WARNING:
'catboost' is a soft dependency and not included in the pycaret installation. Please run: `pip install catboost` to install.
Alternately, you can install this by running `pip install pycaret[models]`
2026-07-06 10:48:58,168:INFO:Engine for model 'rbfsvm' has not been set explicitly, hence returning None.
2026-07-06 10:48:58,185:INFO:Soft dependency imported: xgboost: 3.2.0
2026-07-06 10:48:58,202:WARNING:
'catboost' is a soft dependency and not included in the pycaret installation. Please run: `pip install catboost` to install.
Alternately, you can install this by running `pip install pycaret[models]`
2026-07-06 10:48:58,202:INFO:Engine successfully changes for model 'rbfsvm' to 'sklearn'.
2026-07-06 10:48:58,252:INFO:Soft dependency imported: xgboost: 3.2.0
2026-07-06 10:48:58,252:WARNING:
'catboost' is a soft dependency and not included in the pycaret installation. Please run: `pip install catboost` to install.
Alternately, you can install this by running `pip install pycaret[models]`
2026-07-06 10:48:58,302:INFO:Soft dependency imported: xgboost: 3.2.0
2026-07-06 10:48:58,318:WARNING:
'catboost' is a soft dependency and not included in the pycaret installation. Please run: `pip install catboost` to install.
Alternately, you can install this by running `pip install pycaret[models]`
2026-07-06 10:48:58,327:INFO:Preparing preprocessing pipeline...
2026-07-06 10:48:58,327:INFO:Set up simple imputation.
2026-07-06 10:48:58,327:INFO:Set up imbalanced handling.
2026-07-06 10:48:58,352:INFO:Finished creating preprocessing pipeline.
2026-07-06 10:48:58,357:INFO:Pipeline: Pipeline(memory=FastMemory(location=C:\Users\43285092\AppData\Local\Temp\joblib),
         steps=[('numerical_imputer',
                 TransformerWrapper(exclude=None, include=['HeartRate', 'HRV'],
                                    transformer=SimpleImputer(add_indicator=False,
                                                              copy=True,
                                                              fill_value=None,
                                                              keep_empty_features=False,
                                                              missing_values=nan,
                                                              strategy='mean'))),
                ('categorical_imputer',
                 TransformerWrapper(exclude=None, include=[],
                                    transformer=SimpleImputer(add_indicator=False,
                                                              copy=True,
                                                              fill_value=None,
                                                              keep_empty_features=False,
                                                              missing_values=nan,
                                                              strategy='most_frequent'))),
                ('balance',
                 TransformerWrapper(exclude=None, include=None,
                                    transformer=FixImbalancer(estimator=SMOTE(k_neighbors=5,
                                                                              random_state=42,
                                                                              sampling_strategy='auto'))))],
         verbose=False)
2026-07-06 10:48:58,357:INFO:Creating final display dataframe.
2026-07-06 10:48:58,517:INFO:Setup _display_container:                     Description             Value
0                    Session id                42
1                        Target             Label
2                   Target type        Multiclass
3           Original data shape        (44708, 3)
4        Transformed data shape       (113384, 3)
5   Transformed train set shape       (104442, 3)
6    Transformed test set shape         (8942, 3)
7              Numeric features                 2
8                    Preprocess              True
9               Imputation type            simple
10           Numeric imputation              mean
11       Categorical imputation              mode
12                Fix imbalance              True
13         Fix imbalance method             SMOTE
14               Fold Generator   StratifiedKFold
15                  Fold Number                10
16                     CPU Jobs                -1
17                      Use GPU             False
18               Log Experiment             False
19              Experiment Name  clf-default-name
20                          USI              c471
2026-07-06 10:48:58,568:INFO:Soft dependency imported: xgboost: 3.2.0
2026-07-06 10:48:58,568:WARNING:
'catboost' is a soft dependency and not included in the pycaret installation. Please run: `pip install catboost` to install.
Alternately, you can install this by running `pip install pycaret[models]`
2026-07-06 10:48:58,635:INFO:Soft dependency imported: xgboost: 3.2.0
2026-07-06 10:48:58,635:WARNING:
'catboost' is a soft dependency and not included in the pycaret installation. Please run: `pip install catboost` to install.
Alternately, you can install this by running `pip install pycaret[models]`
2026-07-06 10:48:58,635:INFO:setup() successfully completed in 2.28s...............
2026-07-06 10:48:58,635:INFO:Initializing compare_models()
2026-07-06 10:48:58,635:INFO:compare_models(self=<pycaret.classification.oop.ClassificationExperiment object at 0x000001A7D4775F50>, include=None, exclude=['svm', 'gpc', 'rbfsvm'], fold=None, round=4, cross_validation=True, sort=F1, n_select=1, budget_time=None, turbo=True, errors=ignore, fit_kwargs=None, groups=None, experiment_custom_tags=None, probability_threshold=None, verbose=True, parallel=None, caller_params={'self': <pycaret.classification.oop.ClassificationExperiment object at 0x000001A7D4775F50>, 'include': None, 'exclude': ['svm', 'gpc', 'rbfsvm'], 'fold': None, 'round': 4, 'cross_validation': True, 'sort': 'F1', 'n_select': 1, 'budget_time': None, 'turbo': True, 'errors': 'ignore', 'fit_kwargs': None, 'groups': None, 'experiment_custom_tags': None, 'probability_threshold': None, 'engine': None, 'verbose': True, 'parallel': None, '__class__': <class 'pycaret.classification.oop.ClassificationExperiment'>})
2026-07-06 10:48:58,635:INFO:Checking exceptions
2026-07-06 10:48:58,642:INFO:Preparing display monitor
2026-07-06 10:48:58,644:INFO:Initializing Logistic Regression
2026-07-06 10:48:58,644:INFO:Total runtime is 0.0 minutes
2026-07-06 10:48:58,644:INFO:SubProcess create_model() called ==================================
2026-07-06 10:48:58,644:INFO:Initializing create_model()
2026-07-06 10:48:58,644:INFO:create_model(self=<pycaret.classification.oop.ClassificationExperiment object at 0x000001A7D4775F50>, estimator=lr, fold=StratifiedKFold(n_splits=10, random_state=None, shuffle=False), round=4, cross_validation=True, predict=True, fit_kwargs={}, groups=None, refit=False, probability_threshold=None, experiment_custom_tags=None, verbose=False, system=False, add_to_model_list=True, metrics=None, display=<pycaret.internal.display.display.CommonDisplay object at 0x000001A7DC09EB50>, model_only=True, return_train_score=False, error_score=0.0, kwargs={})
2026-07-06 10:48:58,644:INFO:Checking exceptions
2026-07-06 10:48:58,644:INFO:Importing libraries
2026-07-06 10:48:58,644:INFO:Copying training dataset
2026-07-06 10:48:58,652:INFO:Defining folds
2026-07-06 10:48:58,652:INFO:Declaring metric variables
2026-07-06 10:48:58,652:INFO:Importing untrained model
2026-07-06 10:48:58,652:INFO:Logistic Regression Imported successfully
2026-07-06 10:48:58,652:INFO:Starting cross validation
2026-07-06 10:48:58,652:INFO:Cross validating with StratifiedKFold(n_splits=10, random_state=None, shuffle=False), n_jobs=-1
2026-07-06 10:49:01,639:WARNING:C:\Users\43285092\.conda\envs\pycaret_env\Lib\site-packages\_distutils_hack\__init__.py:30: UserWarning: Setuptools is replacing distutils. Support for replacing an already imported distutils is deprecated. In the future, this condition will fail. Register concerns at https://github.com/pypa/setuptools/issues/new?template=distutils-deprecation.yml
  warnings.warn(

2026-07-06 10:49:01,665:WARNING:C:\Users\43285092\.conda\envs\pycaret_env\Lib\site-packages\_distutils_hack\__init__.py:30: UserWarning: Setuptools is replacing distutils. Support for replacing an already imported distutils is deprecated. In the future, this condition will fail. Register concerns at https://github.com/pypa/setuptools/issues/new?template=distutils-deprecation.yml
  warnings.warn(

2026-07-06 10:49:01,687:WARNING:C:\Users\43285092\.conda\envs\pycaret_env\Lib\site-packages\_distutils_hack\__init__.py:30: UserWarning: Setuptools is replacing distutils. Support for replacing an already imported distutils is deprecated. In the future, this condition will fail. Register concerns at https://github.com/pypa/setuptools/issues/new?template=distutils-deprecation.yml
  warnings.warn(

2026-07-06 10:49:01,687:WARNING:C:\Users\43285092\.conda\envs\pycaret_env\Lib\site-packages\_distutils_hack\__init__.py:30: UserWarning: Setuptools is replacing distutils. Support for replacing an already imported distutils is deprecated. In the future, this condition will fail. Register concerns at https://github.com/pypa/setuptools/issues/new?template=distutils-deprecation.yml
  warnings.warn(

2026-07-06 10:49:01,698:WARNING:C:\Users\43285092\.conda\envs\pycaret_env\Lib\site-packages\_distutils_hack\__init__.py:30: UserWarning: Setuptools is replacing distutils. Support for replacing an already imported distutils is deprecated. In the future, this condition will fail. Register concerns at https://github.com/pypa/setuptools/issues/new?template=distutils-deprecation.yml
  warnings.warn(

2026-07-06 10:49:01,703:WARNING:C:\Users\43285092\.conda\envs\pycaret_env\Lib\site-packages\_distutils_hack\__init__.py:30: UserWarning: Setuptools is replacing distutils. Support for replacing an already imported distutils is deprecated. In the future, this condition will fail. Register concerns at https://github.com/pypa/setuptools/issues/new?template=distutils-deprecation.yml
  warnings.warn(

2026-07-06 10:49:01,720:WARNING:C:\Users\43285092\.conda\envs\pycaret_env\Lib\site-packages\_distutils_hack\__init__.py:30: UserWarning: Setuptools is replacing distutils. Support for replacing an already imported distutils is deprecated. In the future, this condition will fail. Register concerns at https://github.com/pypa/setuptools/issues/new?template=distutils-deprecation.yml
  warnings.warn(

2026-07-06 10:49:01,720:WARNING:C:\Users\43285092\.conda\envs\pycaret_env\Lib\site-packages\_distutils_hack\__init__.py:30: UserWarning: Setuptools is replacing distutils. Support for replacing an already imported distutils is deprecated. In the future, this condition will fail. Register concerns at https://github.com/pypa/setuptools/issues/new?template=distutils-deprecation.yml
  warnings.warn(

2026-07-06 10:49:01,739:WARNING:C:\Users\43285092\.conda\envs\pycaret_env\Lib\site-packages\_distutils_hack\__init__.py:30: UserWarning: Setuptools is replacing distutils. Support for replacing an already imported distutils is deprecated. In the future, this condition will fail. Register concerns at https://github.com/pypa/setuptools/issues/new?template=distutils-deprecation.yml
  warnings.warn(

2026-07-06 10:49:01,760:WARNING:C:\Users\43285092\.conda\envs\pycaret_env\Lib\site-packages\_distutils_hack\__init__.py:30: UserWarning: Setuptools is replacing distutils. Support for replacing an already imported distutils is deprecated. In the future, this condition will fail. Register concerns at https://github.com/pypa/setuptools/issues/new?template=distutils-deprecation.yml
  warnings.warn(

2026-07-06 10:49:03,525:WARNING:C:\Users\43285092\.conda\envs\pycaret_env\Lib\site-packages\pycaret\internal\metrics.py:204: FitFailedWarning: Metric 'make_scorer(roc_auc_score, response_method=('decision_function', 'predict_proba'), average=weighted, multi_class=ovr)' failed and error score 0.0 has been returned instead. If this is a custom metric, this usually means that the error is in the metric code. Full exception below:
Traceback (most recent call last):
  File "C:\Users\43285092\.conda\envs\pycaret_env\Lib\site-packages\pycaret\internal\metrics.py", line 196, in _score
    return super()._score(
           ^^^^^^^^^^^^^^^
  File "C:\Users\43285092\.conda\envs\pycaret_env\Lib\site-packages\sklearn\metrics\_scorer.py", line 350, in _score
    return self._sign * self._score_func(y_true, y_pred, **scoring_kwargs)
                        ^^^^^^^^^^^^^^^^^^^^^^^^^^^^^^^^^^^^^^^^^^^^^^^^^^
  File "C:\Users\43285092\.conda\envs\pycaret_env\Lib\site-packages\pycaret\internal\metrics.py", line 144, in __call__
    return self.score_func(y_true, y_pred, **kwargs)
           ^^^^^^^^^^^^^^^^^^^^^^^^^^^^^^^^^^^^^^^^^
  File "C:\Users\43285092\.conda\envs\pycaret_env\Lib\site-packages\sklearn\utils\_param_validation.py", line 213, in wrapper
    return func(*args, **kwargs)
           ^^^^^^^^^^^^^^^^^^^^^
  File "C:\Users\43285092\.conda\envs\pycaret_env\Lib\site-packages\sklearn\metrics\_ranking.py", line 634, in roc_auc_score
    return _multiclass_roc_auc_score(
           ^^^^^^^^^^^^^^^^^^^^^^^^^^
  File "C:\Users\43285092\.conda\envs\pycaret_env\Lib\site-packages\sklearn\metrics\_ranking.py", line 707, in _multiclass_roc_auc_score
    raise ValueError(
ValueError: Target scores need to be probabilities for multiclass roc_auc, i.e. they should sum up to 1.0 over classes

  warnings.warn(

2026-07-06 10:49:03,555:WARNING:C:\Users\43285092\.conda\envs\pycaret_env\Lib\site-packages\pycaret\internal\metrics.py:204: FitFailedWarning: Metric 'make_scorer(roc_auc_score, response_method=('decision_function', 'predict_proba'), average=weighted, multi_class=ovr)' failed and error score 0.0 has been returned instead. If this is a custom metric, this usually means that the error is in the metric code. Full exception below:
Traceback (most recent call last):
  File "C:\Users\43285092\.conda\envs\pycaret_env\Lib\site-packages\pycaret\internal\metrics.py", line 196, in _score
    return super()._score(
           ^^^^^^^^^^^^^^^
  File "C:\Users\43285092\.conda\envs\pycaret_env\Lib\site-packages\sklearn\metrics\_scorer.py", line 350, in _score
    return self._sign * self._score_func(y_true, y_pred, **scoring_kwargs)
                        ^^^^^^^^^^^^^^^^^^^^^^^^^^^^^^^^^^^^^^^^^^^^^^^^^^
  File "C:\Users\43285092\.conda\envs\pycaret_env\Lib\site-packages\pycaret\internal\metrics.py", line 144, in __call__
    return self.score_func(y_true, y_pred, **kwargs)
           ^^^^^^^^^^^^^^^^^^^^^^^^^^^^^^^^^^^^^^^^^
  File "C:\Users\43285092\.conda\envs\pycaret_env\Lib\site-packages\sklearn\utils\_param_validation.py", line 213, in wrapper
    return func(*args, **kwargs)
           ^^^^^^^^^^^^^^^^^^^^^
  File "C:\Users\43285092\.conda\envs\pycaret_env\Lib\site-packages\sklearn\metrics\_ranking.py", line 634, in roc_auc_score
    return _multiclass_roc_auc_score(
           ^^^^^^^^^^^^^^^^^^^^^^^^^^
  File "C:\Users\43285092\.conda\envs\pycaret_env\Lib\site-packages\sklearn\metrics\_ranking.py", line 707, in _multiclass_roc_auc_score
    raise ValueError(
ValueError: Target scores need to be probabilities for multiclass roc_auc, i.e. they should sum up to 1.0 over classes

  warnings.warn(

2026-07-06 10:49:03,580:WARNING:C:\Users\43285092\.conda\envs\pycaret_env\Lib\site-packages\pycaret\internal\metrics.py:204: FitFailedWarning: Metric 'make_scorer(roc_auc_score, response_method=('decision_function', 'predict_proba'), average=weighted, multi_class=ovr)' failed and error score 0.0 has been returned instead. If this is a custom metric, this usually means that the error is in the metric code. Full exception below:
Traceback (most recent call last):
  File "C:\Users\43285092\.conda\envs\pycaret_env\Lib\site-packages\pycaret\internal\metrics.py", line 196, in _score
    return super()._score(
           ^^^^^^^^^^^^^^^
  File "C:\Users\43285092\.conda\envs\pycaret_env\Lib\site-packages\sklearn\metrics\_scorer.py", line 350, in _score
    return self._sign * self._score_func(y_true, y_pred, **scoring_kwargs)
                        ^^^^^^^^^^^^^^^^^^^^^^^^^^^^^^^^^^^^^^^^^^^^^^^^^^
  File "C:\Users\43285092\.conda\envs\pycaret_env\Lib\site-packages\pycaret\internal\metrics.py", line 144, in __call__
    return self.score_func(y_true, y_pred, **kwargs)
           ^^^^^^^^^^^^^^^^^^^^^^^^^^^^^^^^^^^^^^^^^
  File "C:\Users\43285092\.conda\envs\pycaret_env\Lib\site-packages\sklearn\utils\_param_validation.py", line 213, in wrapper
    return func(*args, **kwargs)
           ^^^^^^^^^^^^^^^^^^^^^
  File "C:\Users\43285092\.conda\envs\pycaret_env\Lib\site-packages\sklearn\metrics\_ranking.py", line 634, in roc_auc_score
    return _multiclass_roc_auc_score(
           ^^^^^^^^^^^^^^^^^^^^^^^^^^
  File "C:\Users\43285092\.conda\envs\pycaret_env\Lib\site-packages\sklearn\metrics\_ranking.py", line 707, in _multiclass_roc_auc_score
    raise ValueError(
ValueError: Target scores need to be probabilities for multiclass roc_auc, i.e. they should sum up to 1.0 over classes

  warnings.warn(

2026-07-06 10:49:03,703:WARNING:C:\Users\43285092\.conda\envs\pycaret_env\Lib\site-packages\pycaret\internal\metrics.py:204: FitFailedWarning: Metric 'make_scorer(roc_auc_score, response_method=('decision_function', 'predict_proba'), average=weighted, multi_class=ovr)' failed and error score 0.0 has been returned instead. If this is a custom metric, this usually means that the error is in the metric code. Full exception below:
Traceback (most recent call last):
  File "C:\Users\43285092\.conda\envs\pycaret_env\Lib\site-packages\pycaret\internal\metrics.py", line 196, in _score
    return super()._score(
           ^^^^^^^^^^^^^^^
  File "C:\Users\43285092\.conda\envs\pycaret_env\Lib\site-packages\sklearn\metrics\_scorer.py", line 350, in _score
    return self._sign * self._score_func(y_true, y_pred, **scoring_kwargs)
                        ^^^^^^^^^^^^^^^^^^^^^^^^^^^^^^^^^^^^^^^^^^^^^^^^^^
  File "C:\Users\43285092\.conda\envs\pycaret_env\Lib\site-packages\pycaret\internal\metrics.py", line 144, in __call__
    return self.score_func(y_true, y_pred, **kwargs)
           ^^^^^^^^^^^^^^^^^^^^^^^^^^^^^^^^^^^^^^^^^
  File "C:\Users\43285092\.conda\envs\pycaret_env\Lib\site-packages\sklearn\utils\_param_validation.py", line 213, in wrapper
    return func(*args, **kwargs)
           ^^^^^^^^^^^^^^^^^^^^^
  File "C:\Users\43285092\.conda\envs\pycaret_env\Lib\site-packages\sklearn\metrics\_ranking.py", line 634, in roc_auc_score
    return _multiclass_roc_auc_score(
           ^^^^^^^^^^^^^^^^^^^^^^^^^^
  File "C:\Users\43285092\.conda\envs\pycaret_env\Lib\site-packages\sklearn\metrics\_ranking.py", line 707, in _multiclass_roc_auc_score
    raise ValueError(
ValueError: Target scores need to be probabilities for multiclass roc_auc, i.e. they should sum up to 1.0 over classes

  warnings.warn(

2026-07-06 10:49:03,705:WARNING:C:\Users\43285092\.conda\envs\pycaret_env\Lib\site-packages\pycaret\internal\metrics.py:204: FitFailedWarning: Metric 'make_scorer(roc_auc_score, response_method=('decision_function', 'predict_proba'), average=weighted, multi_class=ovr)' failed and error score 0.0 has been returned instead. If this is a custom metric, this usually means that the error is in the metric code. Full exception below:
Traceback (most recent call last):
  File "C:\Users\43285092\.conda\envs\pycaret_env\Lib\site-packages\pycaret\internal\metrics.py", line 196, in _score
    return super()._score(
           ^^^^^^^^^^^^^^^
  File "C:\Users\43285092\.conda\envs\pycaret_env\Lib\site-packages\sklearn\metrics\_scorer.py", line 350, in _score
    return self._sign * self._score_func(y_true, y_pred, **scoring_kwargs)
                        ^^^^^^^^^^^^^^^^^^^^^^^^^^^^^^^^^^^^^^^^^^^^^^^^^^
  File "C:\Users\43285092\.conda\envs\pycaret_env\Lib\site-packages\pycaret\internal\metrics.py", line 144, in __call__
    return self.score_func(y_true, y_pred, **kwargs)
           ^^^^^^^^^^^^^^^^^^^^^^^^^^^^^^^^^^^^^^^^^
  File "C:\Users\43285092\.conda\envs\pycaret_env\Lib\site-packages\sklearn\utils\_param_validation.py", line 213, in wrapper
    return func(*args, **kwargs)
           ^^^^^^^^^^^^^^^^^^^^^
  File "C:\Users\43285092\.conda\envs\pycaret_env\Lib\site-packages\sklearn\metrics\_ranking.py", line 634, in roc_auc_score
    return _multiclass_roc_auc_score(
           ^^^^^^^^^^^^^^^^^^^^^^^^^^
  File "C:\Users\43285092\.conda\envs\pycaret_env\Lib\site-packages\sklearn\metrics\_ranking.py", line 707, in _multiclass_roc_auc_score
    raise ValueError(
ValueError: Target scores need to be probabilities for multiclass roc_auc, i.e. they should sum up to 1.0 over classes

  warnings.warn(

2026-07-06 10:49:03,723:WARNING:C:\Users\43285092\.conda\envs\pycaret_env\Lib\site-packages\pycaret\internal\metrics.py:204: FitFailedWarning: Metric 'make_scorer(roc_auc_score, response_method=('decision_function', 'predict_proba'), average=weighted, multi_class=ovr)' failed and error score 0.0 has been returned instead. If this is a custom metric, this usually means that the error is in the metric code. Full exception below:
Traceback (most recent call last):
  File "C:\Users\43285092\.conda\envs\pycaret_env\Lib\site-packages\pycaret\internal\metrics.py", line 196, in _score
    return super()._score(
           ^^^^^^^^^^^^^^^
  File "C:\Users\43285092\.conda\envs\pycaret_env\Lib\site-packages\sklearn\metrics\_scorer.py", line 350, in _score
    return self._sign * self._score_func(y_true, y_pred, **scoring_kwargs)
                        ^^^^^^^^^^^^^^^^^^^^^^^^^^^^^^^^^^^^^^^^^^^^^^^^^^
  File "C:\Users\43285092\.conda\envs\pycaret_env\Lib\site-packages\pycaret\internal\metrics.py", line 144, in __call__
    return self.score_func(y_true, y_pred, **kwargs)
           ^^^^^^^^^^^^^^^^^^^^^^^^^^^^^^^^^^^^^^^^^
  File "C:\Users\43285092\.conda\envs\pycaret_env\Lib\site-packages\sklearn\utils\_param_validation.py", line 213, in wrapper
    return func(*args, **kwargs)
           ^^^^^^^^^^^^^^^^^^^^^
  File "C:\Users\43285092\.conda\envs\pycaret_env\Lib\site-packages\sklearn\metrics\_ranking.py", line 634, in roc_auc_score
    return _multiclass_roc_auc_score(
           ^^^^^^^^^^^^^^^^^^^^^^^^^^
  File "C:\Users\43285092\.conda\envs\pycaret_env\Lib\site-packages\sklearn\metrics\_ranking.py", line 707, in _multiclass_roc_auc_score
    raise ValueError(
ValueError: Target scores need to be probabilities for multiclass roc_auc, i.e. they should sum up to 1.0 over classes

  warnings.warn(

2026-07-06 10:49:03,837:WARNING:C:\Users\43285092\.conda\envs\pycaret_env\Lib\site-packages\pycaret\internal\metrics.py:204: FitFailedWarning: Metric 'make_scorer(roc_auc_score, response_method=('decision_function', 'predict_proba'), average=weighted, multi_class=ovr)' failed and error score 0.0 has been returned instead. If this is a custom metric, this usually means that the error is in the metric code. Full exception below:
Traceback (most recent call last):
  File "C:\Users\43285092\.conda\envs\pycaret_env\Lib\site-packages\pycaret\internal\metrics.py", line 196, in _score
    return super()._score(
           ^^^^^^^^^^^^^^^
  File "C:\Users\43285092\.conda\envs\pycaret_env\Lib\site-packages\sklearn\metrics\_scorer.py", line 350, in _score
    return self._sign * self._score_func(y_true, y_pred, **scoring_kwargs)
                        ^^^^^^^^^^^^^^^^^^^^^^^^^^^^^^^^^^^^^^^^^^^^^^^^^^
  File "C:\Users\43285092\.conda\envs\pycaret_env\Lib\site-packages\pycaret\internal\metrics.py", line 144, in __call__
    return self.score_func(y_true, y_pred, **kwargs)
           ^^^^^^^^^^^^^^^^^^^^^^^^^^^^^^^^^^^^^^^^^
  File "C:\Users\43285092\.conda\envs\pycaret_env\Lib\site-packages\sklearn\utils\_param_validation.py", line 213, in wrapper
    return func(*args, **kwargs)
           ^^^^^^^^^^^^^^^^^^^^^
  File "C:\Users\43285092\.conda\envs\pycaret_env\Lib\site-packages\sklearn\metrics\_ranking.py", line 634, in roc_auc_score
    return _multiclass_roc_auc_score(
           ^^^^^^^^^^^^^^^^^^^^^^^^^^
  File "C:\Users\43285092\.conda\envs\pycaret_env\Lib\site-packages\sklearn\metrics\_ranking.py", line 707, in _multiclass_roc_auc_score
    raise ValueError(
ValueError: Target scores need to be probabilities for multiclass roc_auc, i.e. they should sum up to 1.0 over classes

  warnings.warn(

2026-07-06 10:49:03,857:WARNING:C:\Users\43285092\.conda\envs\pycaret_env\Lib\site-packages\pycaret\internal\metrics.py:204: FitFailedWarning: Metric 'make_scorer(roc_auc_score, response_method=('decision_function', 'predict_proba'), average=weighted, multi_class=ovr)' failed and error score 0.0 has been returned instead. If this is a custom metric, this usually means that the error is in the metric code. Full exception below:
Traceback (most recent call last):
  File "C:\Users\43285092\.conda\envs\pycaret_env\Lib\site-packages\pycaret\internal\metrics.py", line 196, in _score
    return super()._score(
           ^^^^^^^^^^^^^^^
  File "C:\Users\43285092\.conda\envs\pycaret_env\Lib\site-packages\sklearn\metrics\_scorer.py", line 350, in _score
    return self._sign * self._score_func(y_true, y_pred, **scoring_kwargs)
                        ^^^^^^^^^^^^^^^^^^^^^^^^^^^^^^^^^^^^^^^^^^^^^^^^^^
  File "C:\Users\43285092\.conda\envs\pycaret_env\Lib\site-packages\pycaret\internal\metrics.py", line 144, in __call__
    return self.score_func(y_true, y_pred, **kwargs)
           ^^^^^^^^^^^^^^^^^^^^^^^^^^^^^^^^^^^^^^^^^
  File "C:\Users\43285092\.conda\envs\pycaret_env\Lib\site-packages\sklearn\utils\_param_validation.py", line 213, in wrapper
    return func(*args, **kwargs)
           ^^^^^^^^^^^^^^^^^^^^^
  File "C:\Users\43285092\.conda\envs\pycaret_env\Lib\site-packages\sklearn\metrics\_ranking.py", line 634, in roc_auc_score
    return _multiclass_roc_auc_score(
           ^^^^^^^^^^^^^^^^^^^^^^^^^^
  File "C:\Users\43285092\.conda\envs\pycaret_env\Lib\site-packages\sklearn\metrics\_ranking.py", line 707, in _multiclass_roc_auc_score
    raise ValueError(
ValueError: Target scores need to be probabilities for multiclass roc_auc, i.e. they should sum up to 1.0 over classes

  warnings.warn(

2026-07-06 10:49:03,877:WARNING:C:\Users\43285092\.conda\envs\pycaret_env\Lib\site-packages\pycaret\internal\metrics.py:204: FitFailedWarning: Metric 'make_scorer(roc_auc_score, response_method=('decision_function', 'predict_proba'), average=weighted, multi_class=ovr)' failed and error score 0.0 has been returned instead. If this is a custom metric, this usually means that the error is in the metric code. Full exception below:
Traceback (most recent call last):
  File "C:\Users\43285092\.conda\envs\pycaret_env\Lib\site-packages\pycaret\internal\metrics.py", line 196, in _score
    return super()._score(
           ^^^^^^^^^^^^^^^
  File "C:\Users\43285092\.conda\envs\pycaret_env\Lib\site-packages\sklearn\metrics\_scorer.py", line 350, in _score
    return self._sign * self._score_func(y_true, y_pred, **scoring_kwargs)
                        ^^^^^^^^^^^^^^^^^^^^^^^^^^^^^^^^^^^^^^^^^^^^^^^^^^
  File "C:\Users\43285092\.conda\envs\pycaret_env\Lib\site-packages\pycaret\internal\metrics.py", line 144, in __call__
    return self.score_func(y_true, y_pred, **kwargs)
           ^^^^^^^^^^^^^^^^^^^^^^^^^^^^^^^^^^^^^^^^^
  File "C:\Users\43285092\.conda\envs\pycaret_env\Lib\site-packages\sklearn\utils\_param_validation.py", line 213, in wrapper
    return func(*args, **kwargs)
           ^^^^^^^^^^^^^^^^^^^^^
  File "C:\Users\43285092\.conda\envs\pycaret_env\Lib\site-packages\sklearn\metrics\_ranking.py", line 634, in roc_auc_score
    return _multiclass_roc_auc_score(
           ^^^^^^^^^^^^^^^^^^^^^^^^^^
  File "C:\Users\43285092\.conda\envs\pycaret_env\Lib\site-packages\sklearn\metrics\_ranking.py", line 707, in _multiclass_roc_auc_score
    raise ValueError(
ValueError: Target scores need to be probabilities for multiclass roc_auc, i.e. they should sum up to 1.0 over classes

  warnings.warn(

2026-07-06 10:49:03,898:INFO:Calculating mean and std
2026-07-06 10:49:03,898:INFO:Creating metrics dataframe
2026-07-06 10:49:03,901:INFO:Uploading results into container
2026-07-06 10:49:03,901:INFO:Uploading model into container now
2026-07-06 10:49:03,902:INFO:_master_model_container: 1
2026-07-06 10:49:03,902:INFO:_display_container: 2
2026-07-06 10:49:03,902:INFO:LogisticRegression(C=1.0, class_weight=None, dual=False, fit_intercept=True,
                   intercept_scaling=1, l1_ratio=None, max_iter=1000,
                   multi_class='auto', n_jobs=None, penalty='l2',
                   random_state=42, solver='lbfgs', tol=0.0001, verbose=0,
                   warm_start=False)
2026-07-06 10:49:03,902:INFO:create_model() successfully completed......................................
2026-07-06 10:49:04,002:INFO:SubProcess create_model() end ==================================
2026-07-06 10:49:04,002:INFO:Creating metrics dataframe
2026-07-06 10:49:04,002:INFO:Initializing K Neighbors Classifier
2026-07-06 10:49:04,002:INFO:Total runtime is 0.08930421272913615 minutes
2026-07-06 10:49:04,002:INFO:SubProcess create_model() called ==================================
2026-07-06 10:49:04,002:INFO:Initializing create_model()
2026-07-06 10:49:04,002:INFO:create_model(self=<pycaret.classification.oop.ClassificationExperiment object at 0x000001A7D4775F50>, estimator=knn, fold=StratifiedKFold(n_splits=10, random_state=None, shuffle=False), round=4, cross_validation=True, predict=True, fit_kwargs={}, groups=None, refit=False, probability_threshold=None, experiment_custom_tags=None, verbose=False, system=False, add_to_model_list=True, metrics=None, display=<pycaret.internal.display.display.CommonDisplay object at 0x000001A7DC09EB50>, model_only=True, return_train_score=False, error_score=0.0, kwargs={})
2026-07-06 10:49:04,002:INFO:Checking exceptions
2026-07-06 10:49:04,002:INFO:Importing libraries
2026-07-06 10:49:04,002:INFO:Copying training dataset
2026-07-06 10:49:04,018:INFO:Defining folds
2026-07-06 10:49:04,018:INFO:Declaring metric variables
2026-07-06 10:49:04,019:INFO:Importing untrained model
2026-07-06 10:49:04,019:INFO:K Neighbors Classifier Imported successfully
2026-07-06 10:49:04,019:INFO:Starting cross validation
2026-07-06 10:49:04,019:INFO:Cross validating with StratifiedKFold(n_splits=10, random_state=None, shuffle=False), n_jobs=-1
2026-07-06 10:49:06,071:WARNING:C:\Users\43285092\.conda\envs\pycaret_env\Lib\site-packages\_distutils_hack\__init__.py:30: UserWarning: Setuptools is replacing distutils. Support for replacing an already imported distutils is deprecated. In the future, this condition will fail. Register concerns at https://github.com/pypa/setuptools/issues/new?template=distutils-deprecation.yml
  warnings.warn(

2026-07-06 10:49:06,071:WARNING:C:\Users\43285092\.conda\envs\pycaret_env\Lib\site-packages\_distutils_hack\__init__.py:30: UserWarning: Setuptools is replacing distutils. Support for replacing an already imported distutils is deprecated. In the future, this condition will fail. Register concerns at https://github.com/pypa/setuptools/issues/new?template=distutils-deprecation.yml
  warnings.warn(

2026-07-06 10:49:06,071:WARNING:C:\Users\43285092\.conda\envs\pycaret_env\Lib\site-packages\_distutils_hack\__init__.py:30: UserWarning: Setuptools is replacing distutils. Support for replacing an already imported distutils is deprecated. In the future, this condition will fail. Register concerns at https://github.com/pypa/setuptools/issues/new?template=distutils-deprecation.yml
  warnings.warn(

2026-07-06 10:49:06,071:WARNING:C:\Users\43285092\.conda\envs\pycaret_env\Lib\site-packages\_distutils_hack\__init__.py:30: UserWarning: Setuptools is replacing distutils. Support for replacing an already imported distutils is deprecated. In the future, this condition will fail. Register concerns at https://github.com/pypa/setuptools/issues/new?template=distutils-deprecation.yml
  warnings.warn(

2026-07-06 10:49:06,071:WARNING:C:\Users\43285092\.conda\envs\pycaret_env\Lib\site-packages\_distutils_hack\__init__.py:30: UserWarning: Setuptools is replacing distutils. Support for replacing an already imported distutils is deprecated. In the future, this condition will fail. Register concerns at https://github.com/pypa/setuptools/issues/new?template=distutils-deprecation.yml
  warnings.warn(

2026-07-06 10:49:06,071:WARNING:C:\Users\43285092\.conda\envs\pycaret_env\Lib\site-packages\_distutils_hack\__init__.py:30: UserWarning: Setuptools is replacing distutils. Support for replacing an already imported distutils is deprecated. In the future, this condition will fail. Register concerns at https://github.com/pypa/setuptools/issues/new?template=distutils-deprecation.yml
  warnings.warn(

2026-07-06 10:49:06,683:INFO:Calculating mean and std
2026-07-06 10:49:06,684:INFO:Creating metrics dataframe
2026-07-06 10:49:06,686:INFO:Uploading results into container
2026-07-06 10:49:06,686:INFO:Uploading model into container now
2026-07-06 10:49:06,687:INFO:_master_model_container: 2
2026-07-06 10:49:06,687:INFO:_display_container: 2
2026-07-06 10:49:06,687:INFO:KNeighborsClassifier(algorithm='auto', leaf_size=30, metric='minkowski',
                     metric_params=None, n_jobs=-1, n_neighbors=5, p=2,
                     weights='uniform')
2026-07-06 10:49:06,687:INFO:create_model() successfully completed......................................
2026-07-06 10:49:06,802:INFO:SubProcess create_model() end ==================================
2026-07-06 10:49:06,802:INFO:Creating metrics dataframe
2026-07-06 10:49:06,802:INFO:Initializing Naive Bayes
2026-07-06 10:49:06,802:INFO:Total runtime is 0.1359628200531006 minutes
2026-07-06 10:49:06,802:INFO:SubProcess create_model() called ==================================
2026-07-06 10:49:06,802:INFO:Initializing create_model()
2026-07-06 10:49:06,802:INFO:create_model(self=<pycaret.classification.oop.ClassificationExperiment object at 0x000001A7D4775F50>, estimator=nb, fold=StratifiedKFold(n_splits=10, random_state=None, shuffle=False), round=4, cross_validation=True, predict=True, fit_kwargs={}, groups=None, refit=False, probability_threshold=None, experiment_custom_tags=None, verbose=False, system=False, add_to_model_list=True, metrics=None, display=<pycaret.internal.display.display.CommonDisplay object at 0x000001A7DC09EB50>, model_only=True, return_train_score=False, error_score=0.0, kwargs={})
2026-07-06 10:49:06,802:INFO:Checking exceptions
2026-07-06 10:49:06,802:INFO:Importing libraries
2026-07-06 10:49:06,802:INFO:Copying training dataset
2026-07-06 10:49:06,802:INFO:Defining folds
2026-07-06 10:49:06,802:INFO:Declaring metric variables
2026-07-06 10:49:06,802:INFO:Importing untrained model
2026-07-06 10:49:06,802:INFO:Naive Bayes Imported successfully
2026-07-06 10:49:06,802:INFO:Starting cross validation
2026-07-06 10:49:06,802:INFO:Cross validating with StratifiedKFold(n_splits=10, random_state=None, shuffle=False), n_jobs=-1
2026-07-06 10:49:07,049:INFO:Calculating mean and std
2026-07-06 10:49:07,049:INFO:Creating metrics dataframe
2026-07-06 10:49:07,051:INFO:Uploading results into container
2026-07-06 10:49:07,052:INFO:Uploading model into container now
2026-07-06 10:49:07,052:INFO:_master_model_container: 3
2026-07-06 10:49:07,052:INFO:_display_container: 2
2026-07-06 10:49:07,052:INFO:GaussianNB(priors=None, var_smoothing=1e-09)
2026-07-06 10:49:07,052:INFO:create_model() successfully completed......................................
2026-07-06 10:49:07,135:INFO:SubProcess create_model() end ==================================
2026-07-06 10:49:07,135:INFO:Creating metrics dataframe
2026-07-06 10:49:07,135:INFO:Initializing Decision Tree Classifier
2026-07-06 10:49:07,135:INFO:Total runtime is 0.14152560631434125 minutes
2026-07-06 10:49:07,135:INFO:SubProcess create_model() called ==================================
2026-07-06 10:49:07,135:INFO:Initializing create_model()
2026-07-06 10:49:07,135:INFO:create_model(self=<pycaret.classification.oop.ClassificationExperiment object at 0x000001A7D4775F50>, estimator=dt, fold=StratifiedKFold(n_splits=10, random_state=None, shuffle=False), round=4, cross_validation=True, predict=True, fit_kwargs={}, groups=None, refit=False, probability_threshold=None, experiment_custom_tags=None, verbose=False, system=False, add_to_model_list=True, metrics=None, display=<pycaret.internal.display.display.CommonDisplay object at 0x000001A7DC09EB50>, model_only=True, return_train_score=False, error_score=0.0, kwargs={})
2026-07-06 10:49:07,135:INFO:Checking exceptions
2026-07-06 10:49:07,135:INFO:Importing libraries
2026-07-06 10:49:07,135:INFO:Copying training dataset
2026-07-06 10:49:07,135:INFO:Defining folds
2026-07-06 10:49:07,135:INFO:Declaring metric variables
2026-07-06 10:49:07,135:INFO:Importing untrained model
2026-07-06 10:49:07,135:INFO:Decision Tree Classifier Imported successfully
2026-07-06 10:49:07,135:INFO:Starting cross validation
2026-07-06 10:49:07,151:INFO:Cross validating with StratifiedKFold(n_splits=10, random_state=None, shuffle=False), n_jobs=-1
2026-07-06 10:49:07,588:INFO:Calculating mean and std
2026-07-06 10:49:07,588:INFO:Creating metrics dataframe
2026-07-06 10:49:07,588:INFO:Uploading results into container
2026-07-06 10:49:07,588:INFO:Uploading model into container now
2026-07-06 10:49:07,588:INFO:_master_model_container: 4
2026-07-06 10:49:07,588:INFO:_display_container: 2
2026-07-06 10:49:07,588:INFO:DecisionTreeClassifier(ccp_alpha=0.0, class_weight=None, criterion='gini',
                       max_depth=None, max_features=None, max_leaf_nodes=None,
                       min_impurity_decrease=0.0, min_samples_leaf=1,
                       min_samples_split=2, min_weight_fraction_leaf=0.0,
                       monotonic_cst=None, random_state=42, splitter='best')
2026-07-06 10:49:07,588:INFO:create_model() successfully completed......................................
2026-07-06 10:49:07,652:INFO:SubProcess create_model() end ==================================
2026-07-06 10:49:07,652:INFO:Creating metrics dataframe
2026-07-06 10:49:07,652:INFO:Initializing Ridge Classifier
2026-07-06 10:49:07,652:INFO:Total runtime is 0.1501382390658061 minutes
2026-07-06 10:49:07,652:INFO:SubProcess create_model() called ==================================
2026-07-06 10:49:07,667:INFO:Initializing create_model()
2026-07-06 10:49:07,667:INFO:create_model(self=<pycaret.classification.oop.ClassificationExperiment object at 0x000001A7D4775F50>, estimator=ridge, fold=StratifiedKFold(n_splits=10, random_state=None, shuffle=False), round=4, cross_validation=True, predict=True, fit_kwargs={}, groups=None, refit=False, probability_threshold=None, experiment_custom_tags=None, verbose=False, system=False, add_to_model_list=True, metrics=None, display=<pycaret.internal.display.display.CommonDisplay object at 0x000001A7DC09EB50>, model_only=True, return_train_score=False, error_score=0.0, kwargs={})
2026-07-06 10:49:07,667:INFO:Checking exceptions
2026-07-06 10:49:07,667:INFO:Importing libraries
2026-07-06 10:49:07,667:INFO:Copying training dataset
2026-07-06 10:49:07,668:INFO:Defining folds
2026-07-06 10:49:07,668:INFO:Declaring metric variables
2026-07-06 10:49:07,668:INFO:Importing untrained model
2026-07-06 10:49:07,668:INFO:Ridge Classifier Imported successfully
2026-07-06 10:49:07,668:INFO:Starting cross validation
2026-07-06 10:49:07,668:INFO:Cross validating with StratifiedKFold(n_splits=10, random_state=None, shuffle=False), n_jobs=-1
2026-07-06 10:49:07,859:WARNING:C:\Users\43285092\.conda\envs\pycaret_env\Lib\site-packages\pycaret\internal\metrics.py:204: FitFailedWarning: Metric 'make_scorer(roc_auc_score, response_method=('decision_function', 'predict_proba'), average=weighted, multi_class=ovr)' failed and error score 0.0 has been returned instead. If this is a custom metric, this usually means that the error is in the metric code. Full exception below:
Traceback (most recent call last):
  File "C:\Users\43285092\.conda\envs\pycaret_env\Lib\site-packages\pycaret\internal\metrics.py", line 196, in _score
    return super()._score(
           ^^^^^^^^^^^^^^^
  File "C:\Users\43285092\.conda\envs\pycaret_env\Lib\site-packages\sklearn\metrics\_scorer.py", line 350, in _score
    return self._sign * self._score_func(y_true, y_pred, **scoring_kwargs)
                        ^^^^^^^^^^^^^^^^^^^^^^^^^^^^^^^^^^^^^^^^^^^^^^^^^^
  File "C:\Users\43285092\.conda\envs\pycaret_env\Lib\site-packages\pycaret\internal\metrics.py", line 144, in __call__
    return self.score_func(y_true, y_pred, **kwargs)
           ^^^^^^^^^^^^^^^^^^^^^^^^^^^^^^^^^^^^^^^^^
  File "C:\Users\43285092\.conda\envs\pycaret_env\Lib\site-packages\sklearn\utils\_param_validation.py", line 213, in wrapper
    return func(*args, **kwargs)
           ^^^^^^^^^^^^^^^^^^^^^
  File "C:\Users\43285092\.conda\envs\pycaret_env\Lib\site-packages\sklearn\metrics\_ranking.py", line 634, in roc_auc_score
    return _multiclass_roc_auc_score(
           ^^^^^^^^^^^^^^^^^^^^^^^^^^
  File "C:\Users\43285092\.conda\envs\pycaret_env\Lib\site-packages\sklearn\metrics\_ranking.py", line 707, in _multiclass_roc_auc_score
    raise ValueError(
ValueError: Target scores need to be probabilities for multiclass roc_auc, i.e. they should sum up to 1.0 over classes

  warnings.warn(

2026-07-06 10:49:07,859:WARNING:C:\Users\43285092\.conda\envs\pycaret_env\Lib\site-packages\pycaret\internal\metrics.py:204: FitFailedWarning: Metric 'make_scorer(roc_auc_score, response_method=('decision_function', 'predict_proba'), average=weighted, multi_class=ovr)' failed and error score 0.0 has been returned instead. If this is a custom metric, this usually means that the error is in the metric code. Full exception below:
Traceback (most recent call last):
  File "C:\Users\43285092\.conda\envs\pycaret_env\Lib\site-packages\pycaret\internal\metrics.py", line 196, in _score
    return super()._score(
           ^^^^^^^^^^^^^^^
  File "C:\Users\43285092\.conda\envs\pycaret_env\Lib\site-packages\sklearn\metrics\_scorer.py", line 350, in _score
    return self._sign * self._score_func(y_true, y_pred, **scoring_kwargs)
                        ^^^^^^^^^^^^^^^^^^^^^^^^^^^^^^^^^^^^^^^^^^^^^^^^^^
  File "C:\Users\43285092\.conda\envs\pycaret_env\Lib\site-packages\pycaret\internal\metrics.py", line 144, in __call__
    return self.score_func(y_true, y_pred, **kwargs)
           ^^^^^^^^^^^^^^^^^^^^^^^^^^^^^^^^^^^^^^^^^
  File "C:\Users\43285092\.conda\envs\pycaret_env\Lib\site-packages\sklearn\utils\_param_validation.py", line 213, in wrapper
    return func(*args, **kwargs)
           ^^^^^^^^^^^^^^^^^^^^^
  File "C:\Users\43285092\.conda\envs\pycaret_env\Lib\site-packages\sklearn\metrics\_ranking.py", line 634, in roc_auc_score
    return _multiclass_roc_auc_score(
           ^^^^^^^^^^^^^^^^^^^^^^^^^^
  File "C:\Users\43285092\.conda\envs\pycaret_env\Lib\site-packages\sklearn\metrics\_ranking.py", line 707, in _multiclass_roc_auc_score
    raise ValueError(
ValueError: Target scores need to be probabilities for multiclass roc_auc, i.e. they should sum up to 1.0 over classes

  warnings.warn(

2026-07-06 10:49:07,859:WARNING:C:\Users\43285092\.conda\envs\pycaret_env\Lib\site-packages\pycaret\internal\metrics.py:204: FitFailedWarning: Metric 'make_scorer(roc_auc_score, response_method=('decision_function', 'predict_proba'), average=weighted, multi_class=ovr)' failed and error score 0.0 has been returned instead. If this is a custom metric, this usually means that the error is in the metric code. Full exception below:
Traceback (most recent call last):
  File "C:\Users\43285092\.conda\envs\pycaret_env\Lib\site-packages\pycaret\internal\metrics.py", line 196, in _score
    return super()._score(
           ^^^^^^^^^^^^^^^
  File "C:\Users\43285092\.conda\envs\pycaret_env\Lib\site-packages\sklearn\metrics\_scorer.py", line 350, in _score
    return self._sign * self._score_func(y_true, y_pred, **scoring_kwargs)
                        ^^^^^^^^^^^^^^^^^^^^^^^^^^^^^^^^^^^^^^^^^^^^^^^^^^
  File "C:\Users\43285092\.conda\envs\pycaret_env\Lib\site-packages\pycaret\internal\metrics.py", line 144, in __call__
    return self.score_func(y_true, y_pred, **kwargs)
           ^^^^^^^^^^^^^^^^^^^^^^^^^^^^^^^^^^^^^^^^^
  File "C:\Users\43285092\.conda\envs\pycaret_env\Lib\site-packages\sklearn\utils\_param_validation.py", line 213, in wrapper
    return func(*args, **kwargs)
           ^^^^^^^^^^^^^^^^^^^^^
  File "C:\Users\43285092\.conda\envs\pycaret_env\Lib\site-packages\sklearn\metrics\_ranking.py", line 634, in roc_auc_score
    return _multiclass_roc_auc_score(
           ^^^^^^^^^^^^^^^^^^^^^^^^^^
  File "C:\Users\43285092\.conda\envs\pycaret_env\Lib\site-packages\sklearn\metrics\_ranking.py", line 707, in _multiclass_roc_auc_score
    raise ValueError(
ValueError: Target scores need to be probabilities for multiclass roc_auc, i.e. they should sum up to 1.0 over classes

  warnings.warn(

2026-07-06 10:49:07,859:WARNING:C:\Users\43285092\.conda\envs\pycaret_env\Lib\site-packages\pycaret\internal\metrics.py:204: FitFailedWarning: Metric 'make_scorer(roc_auc_score, response_method=('decision_function', 'predict_proba'), average=weighted, multi_class=ovr)' failed and error score 0.0 has been returned instead. If this is a custom metric, this usually means that the error is in the metric code. Full exception below:
Traceback (most recent call last):
  File "C:\Users\43285092\.conda\envs\pycaret_env\Lib\site-packages\pycaret\internal\metrics.py", line 196, in _score
    return super()._score(
           ^^^^^^^^^^^^^^^
  File "C:\Users\43285092\.conda\envs\pycaret_env\Lib\site-packages\sklearn\metrics\_scorer.py", line 350, in _score
    return self._sign * self._score_func(y_true, y_pred, **scoring_kwargs)
                        ^^^^^^^^^^^^^^^^^^^^^^^^^^^^^^^^^^^^^^^^^^^^^^^^^^
  File "C:\Users\43285092\.conda\envs\pycaret_env\Lib\site-packages\pycaret\internal\metrics.py", line 144, in __call__
    return self.score_func(y_true, y_pred, **kwargs)
           ^^^^^^^^^^^^^^^^^^^^^^^^^^^^^^^^^^^^^^^^^
  File "C:\Users\43285092\.conda\envs\pycaret_env\Lib\site-packages\sklearn\utils\_param_validation.py", line 213, in wrapper
    return func(*args, **kwargs)
           ^^^^^^^^^^^^^^^^^^^^^
  File "C:\Users\43285092\.conda\envs\pycaret_env\Lib\site-packages\sklearn\metrics\_ranking.py", line 634, in roc_auc_score
    return _multiclass_roc_auc_score(
           ^^^^^^^^^^^^^^^^^^^^^^^^^^
  File "C:\Users\43285092\.conda\envs\pycaret_env\Lib\site-packages\sklearn\metrics\_ranking.py", line 707, in _multiclass_roc_auc_score
    raise ValueError(
ValueError: Target scores need to be probabilities for multiclass roc_auc, i.e. they should sum up to 1.0 over classes

  warnings.warn(

2026-07-06 10:49:07,878:WARNING:C:\Users\43285092\.conda\envs\pycaret_env\Lib\site-packages\pycaret\internal\metrics.py:204: FitFailedWarning: Metric 'make_scorer(roc_auc_score, response_method=('decision_function', 'predict_proba'), average=weighted, multi_class=ovr)' failed and error score 0.0 has been returned instead. If this is a custom metric, this usually means that the error is in the metric code. Full exception below:
Traceback (most recent call last):
  File "C:\Users\43285092\.conda\envs\pycaret_env\Lib\site-packages\pycaret\internal\metrics.py", line 196, in _score
    return super()._score(
           ^^^^^^^^^^^^^^^
  File "C:\Users\43285092\.conda\envs\pycaret_env\Lib\site-packages\sklearn\metrics\_scorer.py", line 350, in _score
    return self._sign * self._score_func(y_true, y_pred, **scoring_kwargs)
                        ^^^^^^^^^^^^^^^^^^^^^^^^^^^^^^^^^^^^^^^^^^^^^^^^^^
  File "C:\Users\43285092\.conda\envs\pycaret_env\Lib\site-packages\pycaret\internal\metrics.py", line 144, in __call__
    return self.score_func(y_true, y_pred, **kwargs)
           ^^^^^^^^^^^^^^^^^^^^^^^^^^^^^^^^^^^^^^^^^
  File "C:\Users\43285092\.conda\envs\pycaret_env\Lib\site-packages\sklearn\utils\_param_validation.py", line 213, in wrapper
    return func(*args, **kwargs)
           ^^^^^^^^^^^^^^^^^^^^^
  File "C:\Users\43285092\.conda\envs\pycaret_env\Lib\site-packages\sklearn\metrics\_ranking.py", line 634, in roc_auc_score
    return _multiclass_roc_auc_score(
           ^^^^^^^^^^^^^^^^^^^^^^^^^^
  File "C:\Users\43285092\.conda\envs\pycaret_env\Lib\site-packages\sklearn\metrics\_ranking.py", line 707, in _multiclass_roc_auc_score
    raise ValueError(
ValueError: Target scores need to be probabilities for multiclass roc_auc, i.e. they should sum up to 1.0 over classes

  warnings.warn(

2026-07-06 10:49:07,889:WARNING:C:\Users\43285092\.conda\envs\pycaret_env\Lib\site-packages\pycaret\internal\metrics.py:204: FitFailedWarning: Metric 'make_scorer(roc_auc_score, response_method=('decision_function', 'predict_proba'), average=weighted, multi_class=ovr)' failed and error score 0.0 has been returned instead. If this is a custom metric, this usually means that the error is in the metric code. Full exception below:
Traceback (most recent call last):
  File "C:\Users\43285092\.conda\envs\pycaret_env\Lib\site-packages\pycaret\internal\metrics.py", line 196, in _score
    return super()._score(
           ^^^^^^^^^^^^^^^
  File "C:\Users\43285092\.conda\envs\pycaret_env\Lib\site-packages\sklearn\metrics\_scorer.py", line 350, in _score
    return self._sign * self._score_func(y_true, y_pred, **scoring_kwargs)
                        ^^^^^^^^^^^^^^^^^^^^^^^^^^^^^^^^^^^^^^^^^^^^^^^^^^
  File "C:\Users\43285092\.conda\envs\pycaret_env\Lib\site-packages\pycaret\internal\metrics.py", line 144, in __call__
    return self.score_func(y_true, y_pred, **kwargs)
           ^^^^^^^^^^^^^^^^^^^^^^^^^^^^^^^^^^^^^^^^^
  File "C:\Users\43285092\.conda\envs\pycaret_env\Lib\site-packages\sklearn\utils\_param_validation.py", line 213, in wrapper
    return func(*args, **kwargs)
           ^^^^^^^^^^^^^^^^^^^^^
  File "C:\Users\43285092\.conda\envs\pycaret_env\Lib\site-packages\sklearn\metrics\_ranking.py", line 634, in roc_auc_score
    return _multiclass_roc_auc_score(
           ^^^^^^^^^^^^^^^^^^^^^^^^^^
  File "C:\Users\43285092\.conda\envs\pycaret_env\Lib\site-packages\sklearn\metrics\_ranking.py", line 707, in _multiclass_roc_auc_score
    raise ValueError(
ValueError: Target scores need to be probabilities for multiclass roc_auc, i.e. they should sum up to 1.0 over classes

  warnings.warn(

2026-07-06 10:49:07,889:WARNING:C:\Users\43285092\.conda\envs\pycaret_env\Lib\site-packages\pycaret\internal\metrics.py:204: FitFailedWarning: Metric 'make_scorer(roc_auc_score, response_method=('decision_function', 'predict_proba'), average=weighted, multi_class=ovr)' failed and error score 0.0 has been returned instead. If this is a custom metric, this usually means that the error is in the metric code. Full exception below:
Traceback (most recent call last):
  File "C:\Users\43285092\.conda\envs\pycaret_env\Lib\site-packages\pycaret\internal\metrics.py", line 196, in _score
    return super()._score(
           ^^^^^^^^^^^^^^^
  File "C:\Users\43285092\.conda\envs\pycaret_env\Lib\site-packages\sklearn\metrics\_scorer.py", line 350, in _score
    return self._sign * self._score_func(y_true, y_pred, **scoring_kwargs)
                        ^^^^^^^^^^^^^^^^^^^^^^^^^^^^^^^^^^^^^^^^^^^^^^^^^^
  File "C:\Users\43285092\.conda\envs\pycaret_env\Lib\site-packages\pycaret\internal\metrics.py", line 144, in __call__
    return self.score_func(y_true, y_pred, **kwargs)
           ^^^^^^^^^^^^^^^^^^^^^^^^^^^^^^^^^^^^^^^^^
  File "C:\Users\43285092\.conda\envs\pycaret_env\Lib\site-packages\sklearn\utils\_param_validation.py", line 213, in wrapper
    return func(*args, **kwargs)
           ^^^^^^^^^^^^^^^^^^^^^
  File "C:\Users\43285092\.conda\envs\pycaret_env\Lib\site-packages\sklearn\metrics\_ranking.py", line 634, in roc_auc_score
    return _multiclass_roc_auc_score(
           ^^^^^^^^^^^^^^^^^^^^^^^^^^
  File "C:\Users\43285092\.conda\envs\pycaret_env\Lib\site-packages\sklearn\metrics\_ranking.py", line 707, in _multiclass_roc_auc_score
    raise ValueError(
ValueError: Target scores need to be probabilities for multiclass roc_auc, i.e. they should sum up to 1.0 over classes

  warnings.warn(

2026-07-06 10:49:07,902:WARNING:C:\Users\43285092\.conda\envs\pycaret_env\Lib\site-packages\pycaret\internal\metrics.py:204: FitFailedWarning: Metric 'make_scorer(roc_auc_score, response_method=('decision_function', 'predict_proba'), average=weighted, multi_class=ovr)' failed and error score 0.0 has been returned instead. If this is a custom metric, this usually means that the error is in the metric code. Full exception below:
Traceback (most recent call last):
  File "C:\Users\43285092\.conda\envs\pycaret_env\Lib\site-packages\pycaret\internal\metrics.py", line 196, in _score
    return super()._score(
           ^^^^^^^^^^^^^^^
  File "C:\Users\43285092\.conda\envs\pycaret_env\Lib\site-packages\sklearn\metrics\_scorer.py", line 350, in _score
    return self._sign * self._score_func(y_true, y_pred, **scoring_kwargs)
                        ^^^^^^^^^^^^^^^^^^^^^^^^^^^^^^^^^^^^^^^^^^^^^^^^^^
  File "C:\Users\43285092\.conda\envs\pycaret_env\Lib\site-packages\pycaret\internal\metrics.py", line 144, in __call__
    return self.score_func(y_true, y_pred, **kwargs)
           ^^^^^^^^^^^^^^^^^^^^^^^^^^^^^^^^^^^^^^^^^
  File "C:\Users\43285092\.conda\envs\pycaret_env\Lib\site-packages\sklearn\utils\_param_validation.py", line 213, in wrapper
    return func(*args, **kwargs)
           ^^^^^^^^^^^^^^^^^^^^^
  File "C:\Users\43285092\.conda\envs\pycaret_env\Lib\site-packages\sklearn\metrics\_ranking.py", line 634, in roc_auc_score
    return _multiclass_roc_auc_score(
           ^^^^^^^^^^^^^^^^^^^^^^^^^^
  File "C:\Users\43285092\.conda\envs\pycaret_env\Lib\site-packages\sklearn\metrics\_ranking.py", line 707, in _multiclass_roc_auc_score
    raise ValueError(
ValueError: Target scores need to be probabilities for multiclass roc_auc, i.e. they should sum up to 1.0 over classes

  warnings.warn(

2026-07-06 10:49:07,909:WARNING:C:\Users\43285092\.conda\envs\pycaret_env\Lib\site-packages\pycaret\internal\metrics.py:204: FitFailedWarning: Metric 'make_scorer(roc_auc_score, response_method=('decision_function', 'predict_proba'), average=weighted, multi_class=ovr)' failed and error score 0.0 has been returned instead. If this is a custom metric, this usually means that the error is in the metric code. Full exception below:
Traceback (most recent call last):
  File "C:\Users\43285092\.conda\envs\pycaret_env\Lib\site-packages\pycaret\internal\metrics.py", line 196, in _score
    return super()._score(
           ^^^^^^^^^^^^^^^
  File "C:\Users\43285092\.conda\envs\pycaret_env\Lib\site-packages\sklearn\metrics\_scorer.py", line 350, in _score
    return self._sign * self._score_func(y_true, y_pred, **scoring_kwargs)
                        ^^^^^^^^^^^^^^^^^^^^^^^^^^^^^^^^^^^^^^^^^^^^^^^^^^
  File "C:\Users\43285092\.conda\envs\pycaret_env\Lib\site-packages\pycaret\internal\metrics.py", line 144, in __call__
    return self.score_func(y_true, y_pred, **kwargs)
           ^^^^^^^^^^^^^^^^^^^^^^^^^^^^^^^^^^^^^^^^^
  File "C:\Users\43285092\.conda\envs\pycaret_env\Lib\site-packages\sklearn\utils\_param_validation.py", line 213, in wrapper
    return func(*args, **kwargs)
           ^^^^^^^^^^^^^^^^^^^^^
  File "C:\Users\43285092\.conda\envs\pycaret_env\Lib\site-packages\sklearn\metrics\_ranking.py", line 634, in roc_auc_score
    return _multiclass_roc_auc_score(
           ^^^^^^^^^^^^^^^^^^^^^^^^^^
  File "C:\Users\43285092\.conda\envs\pycaret_env\Lib\site-packages\sklearn\metrics\_ranking.py", line 707, in _multiclass_roc_auc_score
    raise ValueError(
ValueError: Target scores need to be probabilities for multiclass roc_auc, i.e. they should sum up to 1.0 over classes

  warnings.warn(

2026-07-06 10:49:07,920:WARNING:C:\Users\43285092\.conda\envs\pycaret_env\Lib\site-packages\pycaret\internal\metrics.py:204: FitFailedWarning: Metric 'make_scorer(roc_auc_score, response_method=('decision_function', 'predict_proba'), average=weighted, multi_class=ovr)' failed and error score 0.0 has been returned instead. If this is a custom metric, this usually means that the error is in the metric code. Full exception below:
Traceback (most recent call last):
  File "C:\Users\43285092\.conda\envs\pycaret_env\Lib\site-packages\pycaret\internal\metrics.py", line 196, in _score
    return super()._score(
           ^^^^^^^^^^^^^^^
  File "C:\Users\43285092\.conda\envs\pycaret_env\Lib\site-packages\sklearn\metrics\_scorer.py", line 350, in _score
    return self._sign * self._score_func(y_true, y_pred, **scoring_kwargs)
                        ^^^^^^^^^^^^^^^^^^^^^^^^^^^^^^^^^^^^^^^^^^^^^^^^^^
  File "C:\Users\43285092\.conda\envs\pycaret_env\Lib\site-packages\pycaret\internal\metrics.py", line 144, in __call__
    return self.score_func(y_true, y_pred, **kwargs)
           ^^^^^^^^^^^^^^^^^^^^^^^^^^^^^^^^^^^^^^^^^
  File "C:\Users\43285092\.conda\envs\pycaret_env\Lib\site-packages\sklearn\utils\_param_validation.py", line 213, in wrapper
    return func(*args, **kwargs)
           ^^^^^^^^^^^^^^^^^^^^^
  File "C:\Users\43285092\.conda\envs\pycaret_env\Lib\site-packages\sklearn\metrics\_ranking.py", line 634, in roc_auc_score
    return _multiclass_roc_auc_score(
           ^^^^^^^^^^^^^^^^^^^^^^^^^^
  File "C:\Users\43285092\.conda\envs\pycaret_env\Lib\site-packages\sklearn\metrics\_ranking.py", line 707, in _multiclass_roc_auc_score
    raise ValueError(
ValueError: Target scores need to be probabilities for multiclass roc_auc, i.e. they should sum up to 1.0 over classes

  warnings.warn(

2026-07-06 10:49:07,930:INFO:Calculating mean and std
2026-07-06 10:49:07,930:INFO:Creating metrics dataframe
2026-07-06 10:49:07,930:INFO:Uploading results into container
2026-07-06 10:49:07,930:INFO:Uploading model into container now
2026-07-06 10:49:07,930:INFO:_master_model_container: 5
2026-07-06 10:49:07,930:INFO:_display_container: 2
2026-07-06 10:49:07,930:INFO:RidgeClassifier(alpha=1.0, class_weight=None, copy_X=True, fit_intercept=True,
                max_iter=None, positive=False, random_state=42, solver='auto',
                tol=0.0001)
2026-07-06 10:49:07,930:INFO:create_model() successfully completed......................................
2026-07-06 10:49:08,002:INFO:SubProcess create_model() end ==================================
2026-07-06 10:49:08,002:INFO:Creating metrics dataframe
2026-07-06 10:49:08,002:INFO:Initializing Random Forest Classifier
2026-07-06 10:49:08,002:INFO:Total runtime is 0.15596453746159875 minutes
2026-07-06 10:49:08,002:INFO:SubProcess create_model() called ==================================
2026-07-06 10:49:08,002:INFO:Initializing create_model()
2026-07-06 10:49:08,002:INFO:create_model(self=<pycaret.classification.oop.ClassificationExperiment object at 0x000001A7D4775F50>, estimator=rf, fold=StratifiedKFold(n_splits=10, random_state=None, shuffle=False), round=4, cross_validation=True, predict=True, fit_kwargs={}, groups=None, refit=False, probability_threshold=None, experiment_custom_tags=None, verbose=False, system=False, add_to_model_list=True, metrics=None, display=<pycaret.internal.display.display.CommonDisplay object at 0x000001A7DC09EB50>, model_only=True, return_train_score=False, error_score=0.0, kwargs={})
2026-07-06 10:49:08,002:INFO:Checking exceptions
2026-07-06 10:49:08,002:INFO:Importing libraries
2026-07-06 10:49:08,002:INFO:Copying training dataset
2026-07-06 10:49:08,002:INFO:Defining folds
2026-07-06 10:49:08,002:INFO:Declaring metric variables
2026-07-06 10:49:08,002:INFO:Importing untrained model
2026-07-06 10:49:08,017:INFO:Random Forest Classifier Imported successfully
2026-07-06 10:49:08,017:INFO:Starting cross validation
2026-07-06 10:49:08,017:INFO:Cross validating with StratifiedKFold(n_splits=10, random_state=None, shuffle=False), n_jobs=-1
2026-07-06 10:49:18,245:INFO:Calculating mean and std
2026-07-06 10:49:18,245:INFO:Creating metrics dataframe
2026-07-06 10:49:18,245:INFO:Uploading results into container
2026-07-06 10:49:18,245:INFO:Uploading model into container now
2026-07-06 10:49:18,245:INFO:_master_model_container: 6
2026-07-06 10:49:18,245:INFO:_display_container: 2
2026-07-06 10:49:18,245:INFO:RandomForestClassifier(bootstrap=True, ccp_alpha=0.0, class_weight=None,
                       criterion='gini', max_depth=None, max_features='sqrt',
                       max_leaf_nodes=None, max_samples=None,
                       min_impurity_decrease=0.0, min_samples_leaf=1,
                       min_samples_split=2, min_weight_fraction_leaf=0.0,
                       monotonic_cst=None, n_estimators=100, n_jobs=-1,
                       oob_score=False, random_state=42, verbose=0,
                       warm_start=False)
2026-07-06 10:49:18,245:INFO:create_model() successfully completed......................................
2026-07-06 10:49:18,352:INFO:SubProcess create_model() end ==================================
2026-07-06 10:49:18,352:INFO:Creating metrics dataframe
2026-07-06 10:49:18,352:INFO:Initializing Quadratic Discriminant Analysis
2026-07-06 10:49:18,352:INFO:Total runtime is 0.32847291231155396 minutes
2026-07-06 10:49:18,352:INFO:SubProcess create_model() called ==================================
2026-07-06 10:49:18,352:INFO:Initializing create_model()
2026-07-06 10:49:18,352:INFO:create_model(self=<pycaret.classification.oop.ClassificationExperiment object at 0x000001A7D4775F50>, estimator=qda, fold=StratifiedKFold(n_splits=10, random_state=None, shuffle=False), round=4, cross_validation=True, predict=True, fit_kwargs={}, groups=None, refit=False, probability_threshold=None, experiment_custom_tags=None, verbose=False, system=False, add_to_model_list=True, metrics=None, display=<pycaret.internal.display.display.CommonDisplay object at 0x000001A7DC09EB50>, model_only=True, return_train_score=False, error_score=0.0, kwargs={})
2026-07-06 10:49:18,352:INFO:Checking exceptions
2026-07-06 10:49:18,352:INFO:Importing libraries
2026-07-06 10:49:18,352:INFO:Copying training dataset
2026-07-06 10:49:18,369:INFO:Defining folds
2026-07-06 10:49:18,369:INFO:Declaring metric variables
2026-07-06 10:49:18,370:INFO:Importing untrained model
2026-07-06 10:49:18,370:INFO:Quadratic Discriminant Analysis Imported successfully
2026-07-06 10:49:18,371:INFO:Starting cross validation
2026-07-06 10:49:18,373:INFO:Cross validating with StratifiedKFold(n_splits=10, random_state=None, shuffle=False), n_jobs=-1
2026-07-06 10:49:18,623:WARNING:C:\Users\43285092\.conda\envs\pycaret_env\Lib\site-packages\pycaret\internal\metrics.py:204: FitFailedWarning: Metric 'make_scorer(roc_auc_score, response_method=('decision_function', 'predict_proba'), average=weighted, multi_class=ovr)' failed and error score 0.0 has been returned instead. If this is a custom metric, this usually means that the error is in the metric code. Full exception below:
Traceback (most recent call last):
  File "C:\Users\43285092\.conda\envs\pycaret_env\Lib\site-packages\pycaret\internal\metrics.py", line 196, in _score
    return super()._score(
           ^^^^^^^^^^^^^^^
  File "C:\Users\43285092\.conda\envs\pycaret_env\Lib\site-packages\sklearn\metrics\_scorer.py", line 350, in _score
    return self._sign * self._score_func(y_true, y_pred, **scoring_kwargs)
                        ^^^^^^^^^^^^^^^^^^^^^^^^^^^^^^^^^^^^^^^^^^^^^^^^^^
  File "C:\Users\43285092\.conda\envs\pycaret_env\Lib\site-packages\pycaret\internal\metrics.py", line 144, in __call__
    return self.score_func(y_true, y_pred, **kwargs)
           ^^^^^^^^^^^^^^^^^^^^^^^^^^^^^^^^^^^^^^^^^
  File "C:\Users\43285092\.conda\envs\pycaret_env\Lib\site-packages\sklearn\utils\_param_validation.py", line 213, in wrapper
    return func(*args, **kwargs)
           ^^^^^^^^^^^^^^^^^^^^^
  File "C:\Users\43285092\.conda\envs\pycaret_env\Lib\site-packages\sklearn\metrics\_ranking.py", line 634, in roc_auc_score
    return _multiclass_roc_auc_score(
           ^^^^^^^^^^^^^^^^^^^^^^^^^^
  File "C:\Users\43285092\.conda\envs\pycaret_env\Lib\site-packages\sklearn\metrics\_ranking.py", line 707, in _multiclass_roc_auc_score
    raise ValueError(
ValueError: Target scores need to be probabilities for multiclass roc_auc, i.e. they should sum up to 1.0 over classes

  warnings.warn(

2026-07-06 10:49:18,630:WARNING:C:\Users\43285092\.conda\envs\pycaret_env\Lib\site-packages\pycaret\internal\metrics.py:204: FitFailedWarning: Metric 'make_scorer(roc_auc_score, response_method=('decision_function', 'predict_proba'), average=weighted, multi_class=ovr)' failed and error score 0.0 has been returned instead. If this is a custom metric, this usually means that the error is in the metric code. Full exception below:
Traceback (most recent call last):
  File "C:\Users\43285092\.conda\envs\pycaret_env\Lib\site-packages\pycaret\internal\metrics.py", line 196, in _score
    return super()._score(
           ^^^^^^^^^^^^^^^
  File "C:\Users\43285092\.conda\envs\pycaret_env\Lib\site-packages\sklearn\metrics\_scorer.py", line 350, in _score
    return self._sign * self._score_func(y_true, y_pred, **scoring_kwargs)
                        ^^^^^^^^^^^^^^^^^^^^^^^^^^^^^^^^^^^^^^^^^^^^^^^^^^
  File "C:\Users\43285092\.conda\envs\pycaret_env\Lib\site-packages\pycaret\internal\metrics.py", line 144, in __call__
    return self.score_func(y_true, y_pred, **kwargs)
           ^^^^^^^^^^^^^^^^^^^^^^^^^^^^^^^^^^^^^^^^^
  File "C:\Users\43285092\.conda\envs\pycaret_env\Lib\site-packages\sklearn\utils\_param_validation.py", line 213, in wrapper
    return func(*args, **kwargs)
           ^^^^^^^^^^^^^^^^^^^^^
  File "C:\Users\43285092\.conda\envs\pycaret_env\Lib\site-packages\sklearn\metrics\_ranking.py", line 634, in roc_auc_score
    return _multiclass_roc_auc_score(
           ^^^^^^^^^^^^^^^^^^^^^^^^^^
  File "C:\Users\43285092\.conda\envs\pycaret_env\Lib\site-packages\sklearn\metrics\_ranking.py", line 707, in _multiclass_roc_auc_score
    raise ValueError(
ValueError: Target scores need to be probabilities for multiclass roc_auc, i.e. they should sum up to 1.0 over classes

  warnings.warn(

2026-07-06 10:49:18,640:WARNING:C:\Users\43285092\.conda\envs\pycaret_env\Lib\site-packages\pycaret\internal\metrics.py:204: FitFailedWarning: Metric 'make_scorer(roc_auc_score, response_method=('decision_function', 'predict_proba'), average=weighted, multi_class=ovr)' failed and error score 0.0 has been returned instead. If this is a custom metric, this usually means that the error is in the metric code. Full exception below:
Traceback (most recent call last):
  File "C:\Users\43285092\.conda\envs\pycaret_env\Lib\site-packages\pycaret\internal\metrics.py", line 196, in _score
    return super()._score(
           ^^^^^^^^^^^^^^^
  File "C:\Users\43285092\.conda\envs\pycaret_env\Lib\site-packages\sklearn\metrics\_scorer.py", line 350, in _score
    return self._sign * self._score_func(y_true, y_pred, **scoring_kwargs)
                        ^^^^^^^^^^^^^^^^^^^^^^^^^^^^^^^^^^^^^^^^^^^^^^^^^^
  File "C:\Users\43285092\.conda\envs\pycaret_env\Lib\site-packages\pycaret\internal\metrics.py", line 144, in __call__
    return self.score_func(y_true, y_pred, **kwargs)
           ^^^^^^^^^^^^^^^^^^^^^^^^^^^^^^^^^^^^^^^^^
  File "C:\Users\43285092\.conda\envs\pycaret_env\Lib\site-packages\sklearn\utils\_param_validation.py", line 213, in wrapper
    return func(*args, **kwargs)
           ^^^^^^^^^^^^^^^^^^^^^
  File "C:\Users\43285092\.conda\envs\pycaret_env\Lib\site-packages\sklearn\metrics\_ranking.py", line 634, in roc_auc_score
    return _multiclass_roc_auc_score(
           ^^^^^^^^^^^^^^^^^^^^^^^^^^
  File "C:\Users\43285092\.conda\envs\pycaret_env\Lib\site-packages\sklearn\metrics\_ranking.py", line 707, in _multiclass_roc_auc_score
    raise ValueError(
ValueError: Target scores need to be probabilities for multiclass roc_auc, i.e. they should sum up to 1.0 over classes

  warnings.warn(

2026-07-06 10:49:18,640:WARNING:C:\Users\43285092\.conda\envs\pycaret_env\Lib\site-packages\pycaret\internal\metrics.py:204: FitFailedWarning: Metric 'make_scorer(roc_auc_score, response_method=('decision_function', 'predict_proba'), average=weighted, multi_class=ovr)' failed and error score 0.0 has been returned instead. If this is a custom metric, this usually means that the error is in the metric code. Full exception below:
Traceback (most recent call last):
  File "C:\Users\43285092\.conda\envs\pycaret_env\Lib\site-packages\pycaret\internal\metrics.py", line 196, in _score
    return super()._score(
           ^^^^^^^^^^^^^^^
  File "C:\Users\43285092\.conda\envs\pycaret_env\Lib\site-packages\sklearn\metrics\_scorer.py", line 350, in _score
    return self._sign * self._score_func(y_true, y_pred, **scoring_kwargs)
                        ^^^^^^^^^^^^^^^^^^^^^^^^^^^^^^^^^^^^^^^^^^^^^^^^^^
  File "C:\Users\43285092\.conda\envs\pycaret_env\Lib\site-packages\pycaret\internal\metrics.py", line 144, in __call__
    return self.score_func(y_true, y_pred, **kwargs)
           ^^^^^^^^^^^^^^^^^^^^^^^^^^^^^^^^^^^^^^^^^
  File "C:\Users\43285092\.conda\envs\pycaret_env\Lib\site-packages\sklearn\utils\_param_validation.py", line 213, in wrapper
    return func(*args, **kwargs)
           ^^^^^^^^^^^^^^^^^^^^^
  File "C:\Users\43285092\.conda\envs\pycaret_env\Lib\site-packages\sklearn\metrics\_ranking.py", line 634, in roc_auc_score
    return _multiclass_roc_auc_score(
           ^^^^^^^^^^^^^^^^^^^^^^^^^^
  File "C:\Users\43285092\.conda\envs\pycaret_env\Lib\site-packages\sklearn\metrics\_ranking.py", line 707, in _multiclass_roc_auc_score
    raise ValueError(
ValueError: Target scores need to be probabilities for multiclass roc_auc, i.e. they should sum up to 1.0 over classes

  warnings.warn(

2026-07-06 10:49:18,641:WARNING:C:\Users\43285092\.conda\envs\pycaret_env\Lib\site-packages\pycaret\internal\metrics.py:204: FitFailedWarning: Metric 'make_scorer(roc_auc_score, response_method=('decision_function', 'predict_proba'), average=weighted, multi_class=ovr)' failed and error score 0.0 has been returned instead. If this is a custom metric, this usually means that the error is in the metric code. Full exception below:
Traceback (most recent call last):
  File "C:\Users\43285092\.conda\envs\pycaret_env\Lib\site-packages\pycaret\internal\metrics.py", line 196, in _score
    return super()._score(
           ^^^^^^^^^^^^^^^
  File "C:\Users\43285092\.conda\envs\pycaret_env\Lib\site-packages\sklearn\metrics\_scorer.py", line 350, in _score
    return self._sign * self._score_func(y_true, y_pred, **scoring_kwargs)
                        ^^^^^^^^^^^^^^^^^^^^^^^^^^^^^^^^^^^^^^^^^^^^^^^^^^
  File "C:\Users\43285092\.conda\envs\pycaret_env\Lib\site-packages\pycaret\internal\metrics.py", line 144, in __call__
    return self.score_func(y_true, y_pred, **kwargs)
           ^^^^^^^^^^^^^^^^^^^^^^^^^^^^^^^^^^^^^^^^^
  File "C:\Users\43285092\.conda\envs\pycaret_env\Lib\site-packages\sklearn\utils\_param_validation.py", line 213, in wrapper
    return func(*args, **kwargs)
           ^^^^^^^^^^^^^^^^^^^^^
  File "C:\Users\43285092\.conda\envs\pycaret_env\Lib\site-packages\sklearn\metrics\_ranking.py", line 634, in roc_auc_score
    return _multiclass_roc_auc_score(
           ^^^^^^^^^^^^^^^^^^^^^^^^^^
  File "C:\Users\43285092\.conda\envs\pycaret_env\Lib\site-packages\sklearn\metrics\_ranking.py", line 707, in _multiclass_roc_auc_score
    raise ValueError(
ValueError: Target scores need to be probabilities for multiclass roc_auc, i.e. they should sum up to 1.0 over classes

  warnings.warn(

2026-07-06 10:49:18,641:WARNING:C:\Users\43285092\.conda\envs\pycaret_env\Lib\site-packages\pycaret\internal\metrics.py:204: FitFailedWarning: Metric 'make_scorer(roc_auc_score, response_method=('decision_function', 'predict_proba'), average=weighted, multi_class=ovr)' failed and error score 0.0 has been returned instead. If this is a custom metric, this usually means that the error is in the metric code. Full exception below:
Traceback (most recent call last):
  File "C:\Users\43285092\.conda\envs\pycaret_env\Lib\site-packages\pycaret\internal\metrics.py", line 196, in _score
    return super()._score(
           ^^^^^^^^^^^^^^^
  File "C:\Users\43285092\.conda\envs\pycaret_env\Lib\site-packages\sklearn\metrics\_scorer.py", line 350, in _score
    return self._sign * self._score_func(y_true, y_pred, **scoring_kwargs)
                        ^^^^^^^^^^^^^^^^^^^^^^^^^^^^^^^^^^^^^^^^^^^^^^^^^^
  File "C:\Users\43285092\.conda\envs\pycaret_env\Lib\site-packages\pycaret\internal\metrics.py", line 144, in __call__
    return self.score_func(y_true, y_pred, **kwargs)
           ^^^^^^^^^^^^^^^^^^^^^^^^^^^^^^^^^^^^^^^^^
  File "C:\Users\43285092\.conda\envs\pycaret_env\Lib\site-packages\sklearn\utils\_param_validation.py", line 213, in wrapper
    return func(*args, **kwargs)
           ^^^^^^^^^^^^^^^^^^^^^
  File "C:\Users\43285092\.conda\envs\pycaret_env\Lib\site-packages\sklearn\metrics\_ranking.py", line 634, in roc_auc_score
    return _multiclass_roc_auc_score(
           ^^^^^^^^^^^^^^^^^^^^^^^^^^
  File "C:\Users\43285092\.conda\envs\pycaret_env\Lib\site-packages\sklearn\metrics\_ranking.py", line 707, in _multiclass_roc_auc_score
    raise ValueError(
ValueError: Target scores need to be probabilities for multiclass roc_auc, i.e. they should sum up to 1.0 over classes

  warnings.warn(

2026-07-06 10:49:18,648:WARNING:C:\Users\43285092\.conda\envs\pycaret_env\Lib\site-packages\pycaret\internal\metrics.py:204: FitFailedWarning: Metric 'make_scorer(roc_auc_score, response_method=('decision_function', 'predict_proba'), average=weighted, multi_class=ovr)' failed and error score 0.0 has been returned instead. If this is a custom metric, this usually means that the error is in the metric code. Full exception below:
Traceback (most recent call last):
  File "C:\Users\43285092\.conda\envs\pycaret_env\Lib\site-packages\pycaret\internal\metrics.py", line 196, in _score
    return super()._score(
           ^^^^^^^^^^^^^^^
  File "C:\Users\43285092\.conda\envs\pycaret_env\Lib\site-packages\sklearn\metrics\_scorer.py", line 350, in _score
    return self._sign * self._score_func(y_true, y_pred, **scoring_kwargs)
                        ^^^^^^^^^^^^^^^^^^^^^^^^^^^^^^^^^^^^^^^^^^^^^^^^^^
  File "C:\Users\43285092\.conda\envs\pycaret_env\Lib\site-packages\pycaret\internal\metrics.py", line 144, in __call__
    return self.score_func(y_true, y_pred, **kwargs)
           ^^^^^^^^^^^^^^^^^^^^^^^^^^^^^^^^^^^^^^^^^
  File "C:\Users\43285092\.conda\envs\pycaret_env\Lib\site-packages\sklearn\utils\_param_validation.py", line 213, in wrapper
    return func(*args, **kwargs)
           ^^^^^^^^^^^^^^^^^^^^^
  File "C:\Users\43285092\.conda\envs\pycaret_env\Lib\site-packages\sklearn\metrics\_ranking.py", line 634, in roc_auc_score
    return _multiclass_roc_auc_score(
           ^^^^^^^^^^^^^^^^^^^^^^^^^^
  File "C:\Users\43285092\.conda\envs\pycaret_env\Lib\site-packages\sklearn\metrics\_ranking.py", line 707, in _multiclass_roc_auc_score
    raise ValueError(
ValueError: Target scores need to be probabilities for multiclass roc_auc, i.e. they should sum up to 1.0 over classes

  warnings.warn(

2026-07-06 10:49:18,667:WARNING:C:\Users\43285092\.conda\envs\pycaret_env\Lib\site-packages\pycaret\internal\metrics.py:204: FitFailedWarning: Metric 'make_scorer(roc_auc_score, response_method=('decision_function', 'predict_proba'), average=weighted, multi_class=ovr)' failed and error score 0.0 has been returned instead. If this is a custom metric, this usually means that the error is in the metric code. Full exception below:
Traceback (most recent call last):
  File "C:\Users\43285092\.conda\envs\pycaret_env\Lib\site-packages\pycaret\internal\metrics.py", line 196, in _score
    return super()._score(
           ^^^^^^^^^^^^^^^
  File "C:\Users\43285092\.conda\envs\pycaret_env\Lib\site-packages\sklearn\metrics\_scorer.py", line 350, in _score
    return self._sign * self._score_func(y_true, y_pred, **scoring_kwargs)
                        ^^^^^^^^^^^^^^^^^^^^^^^^^^^^^^^^^^^^^^^^^^^^^^^^^^
  File "C:\Users\43285092\.conda\envs\pycaret_env\Lib\site-packages\pycaret\internal\metrics.py", line 144, in __call__
    return self.score_func(y_true, y_pred, **kwargs)
           ^^^^^^^^^^^^^^^^^^^^^^^^^^^^^^^^^^^^^^^^^
  File "C:\Users\43285092\.conda\envs\pycaret_env\Lib\site-packages\sklearn\utils\_param_validation.py", line 213, in wrapper
    return func(*args, **kwargs)
           ^^^^^^^^^^^^^^^^^^^^^
  File "C:\Users\43285092\.conda\envs\pycaret_env\Lib\site-packages\sklearn\metrics\_ranking.py", line 634, in roc_auc_score
    return _multiclass_roc_auc_score(
           ^^^^^^^^^^^^^^^^^^^^^^^^^^
  File "C:\Users\43285092\.conda\envs\pycaret_env\Lib\site-packages\sklearn\metrics\_ranking.py", line 707, in _multiclass_roc_auc_score
    raise ValueError(
ValueError: Target scores need to be probabilities for multiclass roc_auc, i.e. they should sum up to 1.0 over classes

  warnings.warn(

2026-07-06 10:49:18,672:WARNING:C:\Users\43285092\.conda\envs\pycaret_env\Lib\site-packages\pycaret\internal\metrics.py:204: FitFailedWarning: Metric 'make_scorer(roc_auc_score, response_method=('decision_function', 'predict_proba'), average=weighted, multi_class=ovr)' failed and error score 0.0 has been returned instead. If this is a custom metric, this usually means that the error is in the metric code. Full exception below:
Traceback (most recent call last):
  File "C:\Users\43285092\.conda\envs\pycaret_env\Lib\site-packages\pycaret\internal\metrics.py", line 196, in _score
    return super()._score(
           ^^^^^^^^^^^^^^^
  File "C:\Users\43285092\.conda\envs\pycaret_env\Lib\site-packages\sklearn\metrics\_scorer.py", line 350, in _score
    return self._sign * self._score_func(y_true, y_pred, **scoring_kwargs)
                        ^^^^^^^^^^^^^^^^^^^^^^^^^^^^^^^^^^^^^^^^^^^^^^^^^^
  File "C:\Users\43285092\.conda\envs\pycaret_env\Lib\site-packages\pycaret\internal\metrics.py", line 144, in __call__
    return self.score_func(y_true, y_pred, **kwargs)
           ^^^^^^^^^^^^^^^^^^^^^^^^^^^^^^^^^^^^^^^^^
  File "C:\Users\43285092\.conda\envs\pycaret_env\Lib\site-packages\sklearn\utils\_param_validation.py", line 213, in wrapper
    return func(*args, **kwargs)
           ^^^^^^^^^^^^^^^^^^^^^
  File "C:\Users\43285092\.conda\envs\pycaret_env\Lib\site-packages\sklearn\metrics\_ranking.py", line 634, in roc_auc_score
    return _multiclass_roc_auc_score(
           ^^^^^^^^^^^^^^^^^^^^^^^^^^
  File "C:\Users\43285092\.conda\envs\pycaret_env\Lib\site-packages\sklearn\metrics\_ranking.py", line 707, in _multiclass_roc_auc_score
    raise ValueError(
ValueError: Target scores need to be probabilities for multiclass roc_auc, i.e. they should sum up to 1.0 over classes

  warnings.warn(

2026-07-06 10:49:18,672:WARNING:C:\Users\43285092\.conda\envs\pycaret_env\Lib\site-packages\pycaret\internal\metrics.py:204: FitFailedWarning: Metric 'make_scorer(roc_auc_score, response_method=('decision_function', 'predict_proba'), average=weighted, multi_class=ovr)' failed and error score 0.0 has been returned instead. If this is a custom metric, this usually means that the error is in the metric code. Full exception below:
Traceback (most recent call last):
  File "C:\Users\43285092\.conda\envs\pycaret_env\Lib\site-packages\pycaret\internal\metrics.py", line 196, in _score
    return super()._score(
           ^^^^^^^^^^^^^^^
  File "C:\Users\43285092\.conda\envs\pycaret_env\Lib\site-packages\sklearn\metrics\_scorer.py", line 350, in _score
    return self._sign * self._score_func(y_true, y_pred, **scoring_kwargs)
                        ^^^^^^^^^^^^^^^^^^^^^^^^^^^^^^^^^^^^^^^^^^^^^^^^^^
  File "C:\Users\43285092\.conda\envs\pycaret_env\Lib\site-packages\pycaret\internal\metrics.py", line 144, in __call__
    return self.score_func(y_true, y_pred, **kwargs)
           ^^^^^^^^^^^^^^^^^^^^^^^^^^^^^^^^^^^^^^^^^
  File "C:\Users\43285092\.conda\envs\pycaret_env\Lib\site-packages\sklearn\utils\_param_validation.py", line 213, in wrapper
    return func(*args, **kwargs)
           ^^^^^^^^^^^^^^^^^^^^^
  File "C:\Users\43285092\.conda\envs\pycaret_env\Lib\site-packages\sklearn\metrics\_ranking.py", line 634, in roc_auc_score
    return _multiclass_roc_auc_score(
           ^^^^^^^^^^^^^^^^^^^^^^^^^^
  File "C:\Users\43285092\.conda\envs\pycaret_env\Lib\site-packages\sklearn\metrics\_ranking.py", line 707, in _multiclass_roc_auc_score
    raise ValueError(
ValueError: Target scores need to be probabilities for multiclass roc_auc, i.e. they should sum up to 1.0 over classes

  warnings.warn(

2026-07-06 10:49:18,693:INFO:Calculating mean and std
2026-07-06 10:49:18,693:INFO:Creating metrics dataframe
2026-07-06 10:49:18,693:INFO:Uploading results into container
2026-07-06 10:49:18,693:INFO:Uploading model into container now
2026-07-06 10:49:18,693:INFO:_master_model_container: 7
2026-07-06 10:49:18,693:INFO:_display_container: 2
2026-07-06 10:49:18,693:INFO:QuadraticDiscriminantAnalysis(priors=None, reg_param=0.0,
                              store_covariance=False, tol=0.0001)
2026-07-06 10:49:18,693:INFO:create_model() successfully completed......................................
2026-07-06 10:49:18,768:INFO:SubProcess create_model() end ==================================
2026-07-06 10:49:18,768:INFO:Creating metrics dataframe
2026-07-06 10:49:18,768:INFO:Initializing Ada Boost Classifier
2026-07-06 10:49:18,768:INFO:Total runtime is 0.33540820678075156 minutes
2026-07-06 10:49:18,768:INFO:SubProcess create_model() called ==================================
2026-07-06 10:49:18,768:INFO:Initializing create_model()
2026-07-06 10:49:18,768:INFO:create_model(self=<pycaret.classification.oop.ClassificationExperiment object at 0x000001A7D4775F50>, estimator=ada, fold=StratifiedKFold(n_splits=10, random_state=None, shuffle=False), round=4, cross_validation=True, predict=True, fit_kwargs={}, groups=None, refit=False, probability_threshold=None, experiment_custom_tags=None, verbose=False, system=False, add_to_model_list=True, metrics=None, display=<pycaret.internal.display.display.CommonDisplay object at 0x000001A7DC09EB50>, model_only=True, return_train_score=False, error_score=0.0, kwargs={})
2026-07-06 10:49:18,768:INFO:Checking exceptions
2026-07-06 10:49:18,768:INFO:Importing libraries
2026-07-06 10:49:18,768:INFO:Copying training dataset
2026-07-06 10:49:18,768:INFO:Defining folds
2026-07-06 10:49:18,768:INFO:Declaring metric variables
2026-07-06 10:49:18,768:INFO:Importing untrained model
2026-07-06 10:49:18,768:INFO:Ada Boost Classifier Imported successfully
2026-07-06 10:49:18,768:INFO:Starting cross validation
2026-07-06 10:49:18,768:INFO:Cross validating with StratifiedKFold(n_splits=10, random_state=None, shuffle=False), n_jobs=-1
2026-07-06 10:49:18,928:WARNING:C:\Users\43285092\.conda\envs\pycaret_env\Lib\site-packages\sklearn\ensemble\_weight_boosting.py:519: FutureWarning: The SAMME.R algorithm (the default) is deprecated and will be removed in 1.6. Use the SAMME algorithm to circumvent this warning.
  warnings.warn(

2026-07-06 10:49:18,928:WARNING:C:\Users\43285092\.conda\envs\pycaret_env\Lib\site-packages\sklearn\ensemble\_weight_boosting.py:519: FutureWarning: The SAMME.R algorithm (the default) is deprecated and will be removed in 1.6. Use the SAMME algorithm to circumvent this warning.
  warnings.warn(

2026-07-06 10:49:18,928:WARNING:C:\Users\43285092\.conda\envs\pycaret_env\Lib\site-packages\sklearn\ensemble\_weight_boosting.py:519: FutureWarning: The SAMME.R algorithm (the default) is deprecated and will be removed in 1.6. Use the SAMME algorithm to circumvent this warning.
  warnings.warn(

2026-07-06 10:49:18,928:WARNING:C:\Users\43285092\.conda\envs\pycaret_env\Lib\site-packages\sklearn\ensemble\_weight_boosting.py:519: FutureWarning: The SAMME.R algorithm (the default) is deprecated and will be removed in 1.6. Use the SAMME algorithm to circumvent this warning.
  warnings.warn(

2026-07-06 10:49:18,949:WARNING:C:\Users\43285092\.conda\envs\pycaret_env\Lib\site-packages\sklearn\ensemble\_weight_boosting.py:519: FutureWarning: The SAMME.R algorithm (the default) is deprecated and will be removed in 1.6. Use the SAMME algorithm to circumvent this warning.
  warnings.warn(

2026-07-06 10:49:18,959:WARNING:C:\Users\43285092\.conda\envs\pycaret_env\Lib\site-packages\sklearn\ensemble\_weight_boosting.py:519: FutureWarning: The SAMME.R algorithm (the default) is deprecated and will be removed in 1.6. Use the SAMME algorithm to circumvent this warning.
  warnings.warn(

2026-07-06 10:49:18,969:WARNING:C:\Users\43285092\.conda\envs\pycaret_env\Lib\site-packages\sklearn\ensemble\_weight_boosting.py:519: FutureWarning: The SAMME.R algorithm (the default) is deprecated and will be removed in 1.6. Use the SAMME algorithm to circumvent this warning.
  warnings.warn(

2026-07-06 10:49:18,991:WARNING:C:\Users\43285092\.conda\envs\pycaret_env\Lib\site-packages\sklearn\ensemble\_weight_boosting.py:519: FutureWarning: The SAMME.R algorithm (the default) is deprecated and will be removed in 1.6. Use the SAMME algorithm to circumvent this warning.
  warnings.warn(

2026-07-06 10:49:19,019:WARNING:C:\Users\43285092\.conda\envs\pycaret_env\Lib\site-packages\sklearn\ensemble\_weight_boosting.py:519: FutureWarning: The SAMME.R algorithm (the default) is deprecated and will be removed in 1.6. Use the SAMME algorithm to circumvent this warning.
  warnings.warn(

2026-07-06 10:49:22,161:WARNING:C:\Users\43285092\.conda\envs\pycaret_env\Lib\site-packages\pycaret\internal\metrics.py:204: FitFailedWarning: Metric 'make_scorer(roc_auc_score, response_method=('decision_function', 'predict_proba'), average=weighted, multi_class=ovr)' failed and error score 0.0 has been returned instead. If this is a custom metric, this usually means that the error is in the metric code. Full exception below:
Traceback (most recent call last):
  File "C:\Users\43285092\.conda\envs\pycaret_env\Lib\site-packages\pycaret\internal\metrics.py", line 196, in _score
    return super()._score(
           ^^^^^^^^^^^^^^^
  File "C:\Users\43285092\.conda\envs\pycaret_env\Lib\site-packages\sklearn\metrics\_scorer.py", line 350, in _score
    return self._sign * self._score_func(y_true, y_pred, **scoring_kwargs)
                        ^^^^^^^^^^^^^^^^^^^^^^^^^^^^^^^^^^^^^^^^^^^^^^^^^^
  File "C:\Users\43285092\.conda\envs\pycaret_env\Lib\site-packages\pycaret\internal\metrics.py", line 144, in __call__
    return self.score_func(y_true, y_pred, **kwargs)
           ^^^^^^^^^^^^^^^^^^^^^^^^^^^^^^^^^^^^^^^^^
  File "C:\Users\43285092\.conda\envs\pycaret_env\Lib\site-packages\sklearn\utils\_param_validation.py", line 213, in wrapper
    return func(*args, **kwargs)
           ^^^^^^^^^^^^^^^^^^^^^
  File "C:\Users\43285092\.conda\envs\pycaret_env\Lib\site-packages\sklearn\metrics\_ranking.py", line 634, in roc_auc_score
    return _multiclass_roc_auc_score(
           ^^^^^^^^^^^^^^^^^^^^^^^^^^
  File "C:\Users\43285092\.conda\envs\pycaret_env\Lib\site-packages\sklearn\metrics\_ranking.py", line 707, in _multiclass_roc_auc_score
    raise ValueError(
ValueError: Target scores need to be probabilities for multiclass roc_auc, i.e. they should sum up to 1.0 over classes

  warnings.warn(

2026-07-06 10:49:22,181:WARNING:C:\Users\43285092\.conda\envs\pycaret_env\Lib\site-packages\pycaret\internal\metrics.py:204: FitFailedWarning: Metric 'make_scorer(roc_auc_score, response_method=('decision_function', 'predict_proba'), average=weighted, multi_class=ovr)' failed and error score 0.0 has been returned instead. If this is a custom metric, this usually means that the error is in the metric code. Full exception below:
Traceback (most recent call last):
  File "C:\Users\43285092\.conda\envs\pycaret_env\Lib\site-packages\pycaret\internal\metrics.py", line 196, in _score
    return super()._score(
           ^^^^^^^^^^^^^^^
  File "C:\Users\43285092\.conda\envs\pycaret_env\Lib\site-packages\sklearn\metrics\_scorer.py", line 350, in _score
    return self._sign * self._score_func(y_true, y_pred, **scoring_kwargs)
                        ^^^^^^^^^^^^^^^^^^^^^^^^^^^^^^^^^^^^^^^^^^^^^^^^^^
  File "C:\Users\43285092\.conda\envs\pycaret_env\Lib\site-packages\pycaret\internal\metrics.py", line 144, in __call__
    return self.score_func(y_true, y_pred, **kwargs)
           ^^^^^^^^^^^^^^^^^^^^^^^^^^^^^^^^^^^^^^^^^
  File "C:\Users\43285092\.conda\envs\pycaret_env\Lib\site-packages\sklearn\utils\_param_validation.py", line 213, in wrapper
    return func(*args, **kwargs)
           ^^^^^^^^^^^^^^^^^^^^^
  File "C:\Users\43285092\.conda\envs\pycaret_env\Lib\site-packages\sklearn\metrics\_ranking.py", line 634, in roc_auc_score
    return _multiclass_roc_auc_score(
           ^^^^^^^^^^^^^^^^^^^^^^^^^^
  File "C:\Users\43285092\.conda\envs\pycaret_env\Lib\site-packages\sklearn\metrics\_ranking.py", line 707, in _multiclass_roc_auc_score
    raise ValueError(
ValueError: Target scores need to be probabilities for multiclass roc_auc, i.e. they should sum up to 1.0 over classes

  warnings.warn(

2026-07-06 10:49:22,238:WARNING:C:\Users\43285092\.conda\envs\pycaret_env\Lib\site-packages\pycaret\internal\metrics.py:204: FitFailedWarning: Metric 'make_scorer(roc_auc_score, response_method=('decision_function', 'predict_proba'), average=weighted, multi_class=ovr)' failed and error score 0.0 has been returned instead. If this is a custom metric, this usually means that the error is in the metric code. Full exception below:
Traceback (most recent call last):
  File "C:\Users\43285092\.conda\envs\pycaret_env\Lib\site-packages\pycaret\internal\metrics.py", line 196, in _score
    return super()._score(
           ^^^^^^^^^^^^^^^
  File "C:\Users\43285092\.conda\envs\pycaret_env\Lib\site-packages\sklearn\metrics\_scorer.py", line 350, in _score
    return self._sign * self._score_func(y_true, y_pred, **scoring_kwargs)
                        ^^^^^^^^^^^^^^^^^^^^^^^^^^^^^^^^^^^^^^^^^^^^^^^^^^
  File "C:\Users\43285092\.conda\envs\pycaret_env\Lib\site-packages\pycaret\internal\metrics.py", line 144, in __call__
    return self.score_func(y_true, y_pred, **kwargs)
           ^^^^^^^^^^^^^^^^^^^^^^^^^^^^^^^^^^^^^^^^^
  File "C:\Users\43285092\.conda\envs\pycaret_env\Lib\site-packages\sklearn\utils\_param_validation.py", line 213, in wrapper
    return func(*args, **kwargs)
           ^^^^^^^^^^^^^^^^^^^^^
  File "C:\Users\43285092\.conda\envs\pycaret_env\Lib\site-packages\sklearn\metrics\_ranking.py", line 634, in roc_auc_score
    return _multiclass_roc_auc_score(
           ^^^^^^^^^^^^^^^^^^^^^^^^^^
  File "C:\Users\43285092\.conda\envs\pycaret_env\Lib\site-packages\sklearn\metrics\_ranking.py", line 707, in _multiclass_roc_auc_score
    raise ValueError(
ValueError: Target scores need to be probabilities for multiclass roc_auc, i.e. they should sum up to 1.0 over classes

  warnings.warn(

2026-07-06 10:49:22,431:WARNING:C:\Users\43285092\.conda\envs\pycaret_env\Lib\site-packages\pycaret\internal\metrics.py:204: FitFailedWarning: Metric 'make_scorer(roc_auc_score, response_method=('decision_function', 'predict_proba'), average=weighted, multi_class=ovr)' failed and error score 0.0 has been returned instead. If this is a custom metric, this usually means that the error is in the metric code. Full exception below:
Traceback (most recent call last):
  File "C:\Users\43285092\.conda\envs\pycaret_env\Lib\site-packages\pycaret\internal\metrics.py", line 196, in _score
    return super()._score(
           ^^^^^^^^^^^^^^^
  File "C:\Users\43285092\.conda\envs\pycaret_env\Lib\site-packages\sklearn\metrics\_scorer.py", line 350, in _score
    return self._sign * self._score_func(y_true, y_pred, **scoring_kwargs)
                        ^^^^^^^^^^^^^^^^^^^^^^^^^^^^^^^^^^^^^^^^^^^^^^^^^^
  File "C:\Users\43285092\.conda\envs\pycaret_env\Lib\site-packages\pycaret\internal\metrics.py", line 144, in __call__
    return self.score_func(y_true, y_pred, **kwargs)
           ^^^^^^^^^^^^^^^^^^^^^^^^^^^^^^^^^^^^^^^^^
  File "C:\Users\43285092\.conda\envs\pycaret_env\Lib\site-packages\sklearn\utils\_param_validation.py", line 213, in wrapper
    return func(*args, **kwargs)
           ^^^^^^^^^^^^^^^^^^^^^
  File "C:\Users\43285092\.conda\envs\pycaret_env\Lib\site-packages\sklearn\metrics\_ranking.py", line 634, in roc_auc_score
    return _multiclass_roc_auc_score(
           ^^^^^^^^^^^^^^^^^^^^^^^^^^
  File "C:\Users\43285092\.conda\envs\pycaret_env\Lib\site-packages\sklearn\metrics\_ranking.py", line 707, in _multiclass_roc_auc_score
    raise ValueError(
ValueError: Target scores need to be probabilities for multiclass roc_auc, i.e. they should sum up to 1.0 over classes

  warnings.warn(

2026-07-06 10:49:22,447:WARNING:C:\Users\43285092\.conda\envs\pycaret_env\Lib\site-packages\pycaret\internal\metrics.py:204: FitFailedWarning: Metric 'make_scorer(roc_auc_score, response_method=('decision_function', 'predict_proba'), average=weighted, multi_class=ovr)' failed and error score 0.0 has been returned instead. If this is a custom metric, this usually means that the error is in the metric code. Full exception below:
Traceback (most recent call last):
  File "C:\Users\43285092\.conda\envs\pycaret_env\Lib\site-packages\pycaret\internal\metrics.py", line 196, in _score
    return super()._score(
           ^^^^^^^^^^^^^^^
  File "C:\Users\43285092\.conda\envs\pycaret_env\Lib\site-packages\sklearn\metrics\_scorer.py", line 350, in _score
    return self._sign * self._score_func(y_true, y_pred, **scoring_kwargs)
                        ^^^^^^^^^^^^^^^^^^^^^^^^^^^^^^^^^^^^^^^^^^^^^^^^^^
  File "C:\Users\43285092\.conda\envs\pycaret_env\Lib\site-packages\pycaret\internal\metrics.py", line 144, in __call__
    return self.score_func(y_true, y_pred, **kwargs)
           ^^^^^^^^^^^^^^^^^^^^^^^^^^^^^^^^^^^^^^^^^
  File "C:\Users\43285092\.conda\envs\pycaret_env\Lib\site-packages\sklearn\utils\_param_validation.py", line 213, in wrapper
    return func(*args, **kwargs)
           ^^^^^^^^^^^^^^^^^^^^^
  File "C:\Users\43285092\.conda\envs\pycaret_env\Lib\site-packages\sklearn\metrics\_ranking.py", line 634, in roc_auc_score
    return _multiclass_roc_auc_score(
           ^^^^^^^^^^^^^^^^^^^^^^^^^^
  File "C:\Users\43285092\.conda\envs\pycaret_env\Lib\site-packages\sklearn\metrics\_ranking.py", line 707, in _multiclass_roc_auc_score
    raise ValueError(
ValueError: Target scores need to be probabilities for multiclass roc_auc, i.e. they should sum up to 1.0 over classes

  warnings.warn(

2026-07-06 10:49:22,470:WARNING:C:\Users\43285092\.conda\envs\pycaret_env\Lib\site-packages\pycaret\internal\metrics.py:204: FitFailedWarning: Metric 'make_scorer(roc_auc_score, response_method=('decision_function', 'predict_proba'), average=weighted, multi_class=ovr)' failed and error score 0.0 has been returned instead. If this is a custom metric, this usually means that the error is in the metric code. Full exception below:
Traceback (most recent call last):
  File "C:\Users\43285092\.conda\envs\pycaret_env\Lib\site-packages\pycaret\internal\metrics.py", line 196, in _score
    return super()._score(
           ^^^^^^^^^^^^^^^
  File "C:\Users\43285092\.conda\envs\pycaret_env\Lib\site-packages\sklearn\metrics\_scorer.py", line 350, in _score
    return self._sign * self._score_func(y_true, y_pred, **scoring_kwargs)
                        ^^^^^^^^^^^^^^^^^^^^^^^^^^^^^^^^^^^^^^^^^^^^^^^^^^
  File "C:\Users\43285092\.conda\envs\pycaret_env\Lib\site-packages\pycaret\internal\metrics.py", line 144, in __call__
    return self.score_func(y_true, y_pred, **kwargs)
           ^^^^^^^^^^^^^^^^^^^^^^^^^^^^^^^^^^^^^^^^^
  File "C:\Users\43285092\.conda\envs\pycaret_env\Lib\site-packages\sklearn\utils\_param_validation.py", line 213, in wrapper
    return func(*args, **kwargs)
           ^^^^^^^^^^^^^^^^^^^^^
  File "C:\Users\43285092\.conda\envs\pycaret_env\Lib\site-packages\sklearn\metrics\_ranking.py", line 634, in roc_auc_score
    return _multiclass_roc_auc_score(
           ^^^^^^^^^^^^^^^^^^^^^^^^^^
  File "C:\Users\43285092\.conda\envs\pycaret_env\Lib\site-packages\sklearn\metrics\_ranking.py", line 707, in _multiclass_roc_auc_score
    raise ValueError(
ValueError: Target scores need to be probabilities for multiclass roc_auc, i.e. they should sum up to 1.0 over classes

  warnings.warn(

2026-07-06 10:49:22,513:WARNING:C:\Users\43285092\.conda\envs\pycaret_env\Lib\site-packages\pycaret\internal\metrics.py:204: FitFailedWarning: Metric 'make_scorer(roc_auc_score, response_method=('decision_function', 'predict_proba'), average=weighted, multi_class=ovr)' failed and error score 0.0 has been returned instead. If this is a custom metric, this usually means that the error is in the metric code. Full exception below:
Traceback (most recent call last):
  File "C:\Users\43285092\.conda\envs\pycaret_env\Lib\site-packages\pycaret\internal\metrics.py", line 196, in _score
    return super()._score(
           ^^^^^^^^^^^^^^^
  File "C:\Users\43285092\.conda\envs\pycaret_env\Lib\site-packages\sklearn\metrics\_scorer.py", line 350, in _score
    return self._sign * self._score_func(y_true, y_pred, **scoring_kwargs)
                        ^^^^^^^^^^^^^^^^^^^^^^^^^^^^^^^^^^^^^^^^^^^^^^^^^^
  File "C:\Users\43285092\.conda\envs\pycaret_env\Lib\site-packages\pycaret\internal\metrics.py", line 144, in __call__
    return self.score_func(y_true, y_pred, **kwargs)
           ^^^^^^^^^^^^^^^^^^^^^^^^^^^^^^^^^^^^^^^^^
  File "C:\Users\43285092\.conda\envs\pycaret_env\Lib\site-packages\sklearn\utils\_param_validation.py", line 213, in wrapper
    return func(*args, **kwargs)
           ^^^^^^^^^^^^^^^^^^^^^
  File "C:\Users\43285092\.conda\envs\pycaret_env\Lib\site-packages\sklearn\metrics\_ranking.py", line 634, in roc_auc_score
    return _multiclass_roc_auc_score(
           ^^^^^^^^^^^^^^^^^^^^^^^^^^
  File "C:\Users\43285092\.conda\envs\pycaret_env\Lib\site-packages\sklearn\metrics\_ranking.py", line 707, in _multiclass_roc_auc_score
    raise ValueError(
ValueError: Target scores need to be probabilities for multiclass roc_auc, i.e. they should sum up to 1.0 over classes

  warnings.warn(

2026-07-06 10:49:22,513:WARNING:C:\Users\43285092\.conda\envs\pycaret_env\Lib\site-packages\pycaret\internal\metrics.py:204: FitFailedWarning: Metric 'make_scorer(roc_auc_score, response_method=('decision_function', 'predict_proba'), average=weighted, multi_class=ovr)' failed and error score 0.0 has been returned instead. If this is a custom metric, this usually means that the error is in the metric code. Full exception below:
Traceback (most recent call last):
  File "C:\Users\43285092\.conda\envs\pycaret_env\Lib\site-packages\pycaret\internal\metrics.py", line 196, in _score
    return super()._score(
           ^^^^^^^^^^^^^^^
  File "C:\Users\43285092\.conda\envs\pycaret_env\Lib\site-packages\sklearn\metrics\_scorer.py", line 350, in _score
    return self._sign * self._score_func(y_true, y_pred, **scoring_kwargs)
                        ^^^^^^^^^^^^^^^^^^^^^^^^^^^^^^^^^^^^^^^^^^^^^^^^^^
  File "C:\Users\43285092\.conda\envs\pycaret_env\Lib\site-packages\pycaret\internal\metrics.py", line 144, in __call__
    return self.score_func(y_true, y_pred, **kwargs)
           ^^^^^^^^^^^^^^^^^^^^^^^^^^^^^^^^^^^^^^^^^
  File "C:\Users\43285092\.conda\envs\pycaret_env\Lib\site-packages\sklearn\utils\_param_validation.py", line 213, in wrapper
    return func(*args, **kwargs)
           ^^^^^^^^^^^^^^^^^^^^^
  File "C:\Users\43285092\.conda\envs\pycaret_env\Lib\site-packages\sklearn\metrics\_ranking.py", line 634, in roc_auc_score
    return _multiclass_roc_auc_score(
           ^^^^^^^^^^^^^^^^^^^^^^^^^^
  File "C:\Users\43285092\.conda\envs\pycaret_env\Lib\site-packages\sklearn\metrics\_ranking.py", line 707, in _multiclass_roc_auc_score
    raise ValueError(
ValueError: Target scores need to be probabilities for multiclass roc_auc, i.e. they should sum up to 1.0 over classes

  warnings.warn(

2026-07-06 10:49:22,568:WARNING:C:\Users\43285092\.conda\envs\pycaret_env\Lib\site-packages\pycaret\internal\metrics.py:204: FitFailedWarning: Metric 'make_scorer(roc_auc_score, response_method=('decision_function', 'predict_proba'), average=weighted, multi_class=ovr)' failed and error score 0.0 has been returned instead. If this is a custom metric, this usually means that the error is in the metric code. Full exception below:
Traceback (most recent call last):
  File "C:\Users\43285092\.conda\envs\pycaret_env\Lib\site-packages\pycaret\internal\metrics.py", line 196, in _score
    return super()._score(
           ^^^^^^^^^^^^^^^
  File "C:\Users\43285092\.conda\envs\pycaret_env\Lib\site-packages\sklearn\metrics\_scorer.py", line 350, in _score
    return self._sign * self._score_func(y_true, y_pred, **scoring_kwargs)
                        ^^^^^^^^^^^^^^^^^^^^^^^^^^^^^^^^^^^^^^^^^^^^^^^^^^
  File "C:\Users\43285092\.conda\envs\pycaret_env\Lib\site-packages\pycaret\internal\metrics.py", line 144, in __call__
    return self.score_func(y_true, y_pred, **kwargs)
           ^^^^^^^^^^^^^^^^^^^^^^^^^^^^^^^^^^^^^^^^^
  File "C:\Users\43285092\.conda\envs\pycaret_env\Lib\site-packages\sklearn\utils\_param_validation.py", line 213, in wrapper
    return func(*args, **kwargs)
           ^^^^^^^^^^^^^^^^^^^^^
  File "C:\Users\43285092\.conda\envs\pycaret_env\Lib\site-packages\sklearn\metrics\_ranking.py", line 634, in roc_auc_score
    return _multiclass_roc_auc_score(
           ^^^^^^^^^^^^^^^^^^^^^^^^^^
  File "C:\Users\43285092\.conda\envs\pycaret_env\Lib\site-packages\sklearn\metrics\_ranking.py", line 707, in _multiclass_roc_auc_score
    raise ValueError(
ValueError: Target scores need to be probabilities for multiclass roc_auc, i.e. they should sum up to 1.0 over classes

  warnings.warn(

2026-07-06 10:49:22,586:WARNING:C:\Users\43285092\.conda\envs\pycaret_env\Lib\site-packages\pycaret\internal\metrics.py:204: FitFailedWarning: Metric 'make_scorer(roc_auc_score, response_method=('decision_function', 'predict_proba'), average=weighted, multi_class=ovr)' failed and error score 0.0 has been returned instead. If this is a custom metric, this usually means that the error is in the metric code. Full exception below:
Traceback (most recent call last):
  File "C:\Users\43285092\.conda\envs\pycaret_env\Lib\site-packages\pycaret\internal\metrics.py", line 196, in _score
    return super()._score(
           ^^^^^^^^^^^^^^^
  File "C:\Users\43285092\.conda\envs\pycaret_env\Lib\site-packages\sklearn\metrics\_scorer.py", line 350, in _score
    return self._sign * self._score_func(y_true, y_pred, **scoring_kwargs)
                        ^^^^^^^^^^^^^^^^^^^^^^^^^^^^^^^^^^^^^^^^^^^^^^^^^^
  File "C:\Users\43285092\.conda\envs\pycaret_env\Lib\site-packages\pycaret\internal\metrics.py", line 144, in __call__
    return self.score_func(y_true, y_pred, **kwargs)
           ^^^^^^^^^^^^^^^^^^^^^^^^^^^^^^^^^^^^^^^^^
  File "C:\Users\43285092\.conda\envs\pycaret_env\Lib\site-packages\sklearn\utils\_param_validation.py", line 213, in wrapper
    return func(*args, **kwargs)
           ^^^^^^^^^^^^^^^^^^^^^
  File "C:\Users\43285092\.conda\envs\pycaret_env\Lib\site-packages\sklearn\metrics\_ranking.py", line 634, in roc_auc_score
    return _multiclass_roc_auc_score(
           ^^^^^^^^^^^^^^^^^^^^^^^^^^
  File "C:\Users\43285092\.conda\envs\pycaret_env\Lib\site-packages\sklearn\metrics\_ranking.py", line 707, in _multiclass_roc_auc_score
    raise ValueError(
ValueError: Target scores need to be probabilities for multiclass roc_auc, i.e. they should sum up to 1.0 over classes

  warnings.warn(

2026-07-06 10:49:22,596:INFO:Calculating mean and std
2026-07-06 10:49:22,596:INFO:Creating metrics dataframe
2026-07-06 10:49:22,596:INFO:Uploading results into container
2026-07-06 10:49:22,596:INFO:Uploading model into container now
2026-07-06 10:49:22,596:INFO:_master_model_container: 8
2026-07-06 10:49:22,596:INFO:_display_container: 2
2026-07-06 10:49:22,596:INFO:AdaBoostClassifier(algorithm='SAMME.R', estimator=None, learning_rate=1.0,
                   n_estimators=50, random_state=42)
2026-07-06 10:49:22,596:INFO:create_model() successfully completed......................................
2026-07-06 10:49:22,668:INFO:SubProcess create_model() end ==================================
2026-07-06 10:49:22,668:INFO:Creating metrics dataframe
2026-07-06 10:49:22,668:INFO:Initializing Gradient Boosting Classifier
2026-07-06 10:49:22,668:INFO:Total runtime is 0.4004082202911377 minutes
2026-07-06 10:49:22,668:INFO:SubProcess create_model() called ==================================
2026-07-06 10:49:22,668:INFO:Initializing create_model()
2026-07-06 10:49:22,668:INFO:create_model(self=<pycaret.classification.oop.ClassificationExperiment object at 0x000001A7D4775F50>, estimator=gbc, fold=StratifiedKFold(n_splits=10, random_state=None, shuffle=False), round=4, cross_validation=True, predict=True, fit_kwargs={}, groups=None, refit=False, probability_threshold=None, experiment_custom_tags=None, verbose=False, system=False, add_to_model_list=True, metrics=None, display=<pycaret.internal.display.display.CommonDisplay object at 0x000001A7DC09EB50>, model_only=True, return_train_score=False, error_score=0.0, kwargs={})
2026-07-06 10:49:22,668:INFO:Checking exceptions
2026-07-06 10:49:22,668:INFO:Importing libraries
2026-07-06 10:49:22,668:INFO:Copying training dataset
2026-07-06 10:49:22,685:INFO:Defining folds
2026-07-06 10:49:22,685:INFO:Declaring metric variables
2026-07-06 10:49:22,685:INFO:Importing untrained model
2026-07-06 10:49:22,685:INFO:Gradient Boosting Classifier Imported successfully
2026-07-06 10:49:22,685:INFO:Starting cross validation
2026-07-06 10:49:22,685:INFO:Cross validating with StratifiedKFold(n_splits=10, random_state=None, shuffle=False), n_jobs=-1
2026-07-06 10:49:53,160:WARNING:C:\Users\43285092\.conda\envs\pycaret_env\Lib\site-packages\pycaret\internal\metrics.py:204: FitFailedWarning: Metric 'make_scorer(roc_auc_score, response_method=('decision_function', 'predict_proba'), average=weighted, multi_class=ovr)' failed and error score 0.0 has been returned instead. If this is a custom metric, this usually means that the error is in the metric code. Full exception below:
Traceback (most recent call last):
  File "C:\Users\43285092\.conda\envs\pycaret_env\Lib\site-packages\pycaret\internal\metrics.py", line 196, in _score
    return super()._score(
           ^^^^^^^^^^^^^^^
  File "C:\Users\43285092\.conda\envs\pycaret_env\Lib\site-packages\sklearn\metrics\_scorer.py", line 350, in _score
    return self._sign * self._score_func(y_true, y_pred, **scoring_kwargs)
                        ^^^^^^^^^^^^^^^^^^^^^^^^^^^^^^^^^^^^^^^^^^^^^^^^^^
  File "C:\Users\43285092\.conda\envs\pycaret_env\Lib\site-packages\pycaret\internal\metrics.py", line 144, in __call__
    return self.score_func(y_true, y_pred, **kwargs)
           ^^^^^^^^^^^^^^^^^^^^^^^^^^^^^^^^^^^^^^^^^
  File "C:\Users\43285092\.conda\envs\pycaret_env\Lib\site-packages\sklearn\utils\_param_validation.py", line 213, in wrapper
    return func(*args, **kwargs)
           ^^^^^^^^^^^^^^^^^^^^^
  File "C:\Users\43285092\.conda\envs\pycaret_env\Lib\site-packages\sklearn\metrics\_ranking.py", line 634, in roc_auc_score
    return _multiclass_roc_auc_score(
           ^^^^^^^^^^^^^^^^^^^^^^^^^^
  File "C:\Users\43285092\.conda\envs\pycaret_env\Lib\site-packages\sklearn\metrics\_ranking.py", line 707, in _multiclass_roc_auc_score
    raise ValueError(
ValueError: Target scores need to be probabilities for multiclass roc_auc, i.e. they should sum up to 1.0 over classes

  warnings.warn(

2026-07-06 10:49:53,335:WARNING:C:\Users\43285092\.conda\envs\pycaret_env\Lib\site-packages\pycaret\internal\metrics.py:204: FitFailedWarning: Metric 'make_scorer(roc_auc_score, response_method=('decision_function', 'predict_proba'), average=weighted, multi_class=ovr)' failed and error score 0.0 has been returned instead. If this is a custom metric, this usually means that the error is in the metric code. Full exception below:
Traceback (most recent call last):
  File "C:\Users\43285092\.conda\envs\pycaret_env\Lib\site-packages\pycaret\internal\metrics.py", line 196, in _score
    return super()._score(
           ^^^^^^^^^^^^^^^
  File "C:\Users\43285092\.conda\envs\pycaret_env\Lib\site-packages\sklearn\metrics\_scorer.py", line 350, in _score
    return self._sign * self._score_func(y_true, y_pred, **scoring_kwargs)
                        ^^^^^^^^^^^^^^^^^^^^^^^^^^^^^^^^^^^^^^^^^^^^^^^^^^
  File "C:\Users\43285092\.conda\envs\pycaret_env\Lib\site-packages\pycaret\internal\metrics.py", line 144, in __call__
    return self.score_func(y_true, y_pred, **kwargs)
           ^^^^^^^^^^^^^^^^^^^^^^^^^^^^^^^^^^^^^^^^^
  File "C:\Users\43285092\.conda\envs\pycaret_env\Lib\site-packages\sklearn\utils\_param_validation.py", line 213, in wrapper
    return func(*args, **kwargs)
           ^^^^^^^^^^^^^^^^^^^^^
  File "C:\Users\43285092\.conda\envs\pycaret_env\Lib\site-packages\sklearn\metrics\_ranking.py", line 634, in roc_auc_score
    return _multiclass_roc_auc_score(
           ^^^^^^^^^^^^^^^^^^^^^^^^^^
  File "C:\Users\43285092\.conda\envs\pycaret_env\Lib\site-packages\sklearn\metrics\_ranking.py", line 707, in _multiclass_roc_auc_score
    raise ValueError(
ValueError: Target scores need to be probabilities for multiclass roc_auc, i.e. they should sum up to 1.0 over classes

  warnings.warn(

2026-07-06 10:49:53,404:WARNING:C:\Users\43285092\.conda\envs\pycaret_env\Lib\site-packages\pycaret\internal\metrics.py:204: FitFailedWarning: Metric 'make_scorer(roc_auc_score, response_method=('decision_function', 'predict_proba'), average=weighted, multi_class=ovr)' failed and error score 0.0 has been returned instead. If this is a custom metric, this usually means that the error is in the metric code. Full exception below:
Traceback (most recent call last):
  File "C:\Users\43285092\.conda\envs\pycaret_env\Lib\site-packages\pycaret\internal\metrics.py", line 196, in _score
    return super()._score(
           ^^^^^^^^^^^^^^^
  File "C:\Users\43285092\.conda\envs\pycaret_env\Lib\site-packages\sklearn\metrics\_scorer.py", line 350, in _score
    return self._sign * self._score_func(y_true, y_pred, **scoring_kwargs)
                        ^^^^^^^^^^^^^^^^^^^^^^^^^^^^^^^^^^^^^^^^^^^^^^^^^^
  File "C:\Users\43285092\.conda\envs\pycaret_env\Lib\site-packages\pycaret\internal\metrics.py", line 144, in __call__
    return self.score_func(y_true, y_pred, **kwargs)
           ^^^^^^^^^^^^^^^^^^^^^^^^^^^^^^^^^^^^^^^^^
  File "C:\Users\43285092\.conda\envs\pycaret_env\Lib\site-packages\sklearn\utils\_param_validation.py", line 213, in wrapper
    return func(*args, **kwargs)
           ^^^^^^^^^^^^^^^^^^^^^
  File "C:\Users\43285092\.conda\envs\pycaret_env\Lib\site-packages\sklearn\metrics\_ranking.py", line 634, in roc_auc_score
    return _multiclass_roc_auc_score(
           ^^^^^^^^^^^^^^^^^^^^^^^^^^
  File "C:\Users\43285092\.conda\envs\pycaret_env\Lib\site-packages\sklearn\metrics\_ranking.py", line 707, in _multiclass_roc_auc_score
    raise ValueError(
ValueError: Target scores need to be probabilities for multiclass roc_auc, i.e. they should sum up to 1.0 over classes

  warnings.warn(

2026-07-06 10:49:53,452:WARNING:C:\Users\43285092\.conda\envs\pycaret_env\Lib\site-packages\pycaret\internal\metrics.py:204: FitFailedWarning: Metric 'make_scorer(roc_auc_score, response_method=('decision_function', 'predict_proba'), average=weighted, multi_class=ovr)' failed and error score 0.0 has been returned instead. If this is a custom metric, this usually means that the error is in the metric code. Full exception below:
Traceback (most recent call last):
  File "C:\Users\43285092\.conda\envs\pycaret_env\Lib\site-packages\pycaret\internal\metrics.py", line 196, in _score
    return super()._score(
           ^^^^^^^^^^^^^^^
  File "C:\Users\43285092\.conda\envs\pycaret_env\Lib\site-packages\sklearn\metrics\_scorer.py", line 350, in _score
    return self._sign * self._score_func(y_true, y_pred, **scoring_kwargs)
                        ^^^^^^^^^^^^^^^^^^^^^^^^^^^^^^^^^^^^^^^^^^^^^^^^^^
  File "C:\Users\43285092\.conda\envs\pycaret_env\Lib\site-packages\pycaret\internal\metrics.py", line 144, in __call__
    return self.score_func(y_true, y_pred, **kwargs)
           ^^^^^^^^^^^^^^^^^^^^^^^^^^^^^^^^^^^^^^^^^
  File "C:\Users\43285092\.conda\envs\pycaret_env\Lib\site-packages\sklearn\utils\_param_validation.py", line 213, in wrapper
    return func(*args, **kwargs)
           ^^^^^^^^^^^^^^^^^^^^^
  File "C:\Users\43285092\.conda\envs\pycaret_env\Lib\site-packages\sklearn\metrics\_ranking.py", line 634, in roc_auc_score
    return _multiclass_roc_auc_score(
           ^^^^^^^^^^^^^^^^^^^^^^^^^^
  File "C:\Users\43285092\.conda\envs\pycaret_env\Lib\site-packages\sklearn\metrics\_ranking.py", line 707, in _multiclass_roc_auc_score
    raise ValueError(
ValueError: Target scores need to be probabilities for multiclass roc_auc, i.e. they should sum up to 1.0 over classes

  warnings.warn(

2026-07-06 10:49:53,732:WARNING:C:\Users\43285092\.conda\envs\pycaret_env\Lib\site-packages\pycaret\internal\metrics.py:204: FitFailedWarning: Metric 'make_scorer(roc_auc_score, response_method=('decision_function', 'predict_proba'), average=weighted, multi_class=ovr)' failed and error score 0.0 has been returned instead. If this is a custom metric, this usually means that the error is in the metric code. Full exception below:
Traceback (most recent call last):
  File "C:\Users\43285092\.conda\envs\pycaret_env\Lib\site-packages\pycaret\internal\metrics.py", line 196, in _score
    return super()._score(
           ^^^^^^^^^^^^^^^
  File "C:\Users\43285092\.conda\envs\pycaret_env\Lib\site-packages\sklearn\metrics\_scorer.py", line 350, in _score
    return self._sign * self._score_func(y_true, y_pred, **scoring_kwargs)
                        ^^^^^^^^^^^^^^^^^^^^^^^^^^^^^^^^^^^^^^^^^^^^^^^^^^
  File "C:\Users\43285092\.conda\envs\pycaret_env\Lib\site-packages\pycaret\internal\metrics.py", line 144, in __call__
    return self.score_func(y_true, y_pred, **kwargs)
           ^^^^^^^^^^^^^^^^^^^^^^^^^^^^^^^^^^^^^^^^^
  File "C:\Users\43285092\.conda\envs\pycaret_env\Lib\site-packages\sklearn\utils\_param_validation.py", line 213, in wrapper
    return func(*args, **kwargs)
           ^^^^^^^^^^^^^^^^^^^^^
  File "C:\Users\43285092\.conda\envs\pycaret_env\Lib\site-packages\sklearn\metrics\_ranking.py", line 634, in roc_auc_score
    return _multiclass_roc_auc_score(
           ^^^^^^^^^^^^^^^^^^^^^^^^^^
  File "C:\Users\43285092\.conda\envs\pycaret_env\Lib\site-packages\sklearn\metrics\_ranking.py", line 707, in _multiclass_roc_auc_score
    raise ValueError(
ValueError: Target scores need to be probabilities for multiclass roc_auc, i.e. they should sum up to 1.0 over classes

  warnings.warn(

2026-07-06 10:49:53,774:WARNING:C:\Users\43285092\.conda\envs\pycaret_env\Lib\site-packages\pycaret\internal\metrics.py:204: FitFailedWarning: Metric 'make_scorer(roc_auc_score, response_method=('decision_function', 'predict_proba'), average=weighted, multi_class=ovr)' failed and error score 0.0 has been returned instead. If this is a custom metric, this usually means that the error is in the metric code. Full exception below:
Traceback (most recent call last):
  File "C:\Users\43285092\.conda\envs\pycaret_env\Lib\site-packages\pycaret\internal\metrics.py", line 196, in _score
    return super()._score(
           ^^^^^^^^^^^^^^^
  File "C:\Users\43285092\.conda\envs\pycaret_env\Lib\site-packages\sklearn\metrics\_scorer.py", line 350, in _score
    return self._sign * self._score_func(y_true, y_pred, **scoring_kwargs)
                        ^^^^^^^^^^^^^^^^^^^^^^^^^^^^^^^^^^^^^^^^^^^^^^^^^^
  File "C:\Users\43285092\.conda\envs\pycaret_env\Lib\site-packages\pycaret\internal\metrics.py", line 144, in __call__
    return self.score_func(y_true, y_pred, **kwargs)
           ^^^^^^^^^^^^^^^^^^^^^^^^^^^^^^^^^^^^^^^^^
  File "C:\Users\43285092\.conda\envs\pycaret_env\Lib\site-packages\sklearn\utils\_param_validation.py", line 213, in wrapper
    return func(*args, **kwargs)
           ^^^^^^^^^^^^^^^^^^^^^
  File "C:\Users\43285092\.conda\envs\pycaret_env\Lib\site-packages\sklearn\metrics\_ranking.py", line 634, in roc_auc_score
    return _multiclass_roc_auc_score(
           ^^^^^^^^^^^^^^^^^^^^^^^^^^
  File "C:\Users\43285092\.conda\envs\pycaret_env\Lib\site-packages\sklearn\metrics\_ranking.py", line 707, in _multiclass_roc_auc_score
    raise ValueError(
ValueError: Target scores need to be probabilities for multiclass roc_auc, i.e. they should sum up to 1.0 over classes

  warnings.warn(

2026-07-06 10:49:54,073:WARNING:C:\Users\43285092\.conda\envs\pycaret_env\Lib\site-packages\pycaret\internal\metrics.py:204: FitFailedWarning: Metric 'make_scorer(roc_auc_score, response_method=('decision_function', 'predict_proba'), average=weighted, multi_class=ovr)' failed and error score 0.0 has been returned instead. If this is a custom metric, this usually means that the error is in the metric code. Full exception below:
Traceback (most recent call last):
  File "C:\Users\43285092\.conda\envs\pycaret_env\Lib\site-packages\pycaret\internal\metrics.py", line 196, in _score
    return super()._score(
           ^^^^^^^^^^^^^^^
  File "C:\Users\43285092\.conda\envs\pycaret_env\Lib\site-packages\sklearn\metrics\_scorer.py", line 350, in _score
    return self._sign * self._score_func(y_true, y_pred, **scoring_kwargs)
                        ^^^^^^^^^^^^^^^^^^^^^^^^^^^^^^^^^^^^^^^^^^^^^^^^^^
  File "C:\Users\43285092\.conda\envs\pycaret_env\Lib\site-packages\pycaret\internal\metrics.py", line 144, in __call__
    return self.score_func(y_true, y_pred, **kwargs)
           ^^^^^^^^^^^^^^^^^^^^^^^^^^^^^^^^^^^^^^^^^
  File "C:\Users\43285092\.conda\envs\pycaret_env\Lib\site-packages\sklearn\utils\_param_validation.py", line 213, in wrapper
    return func(*args, **kwargs)
           ^^^^^^^^^^^^^^^^^^^^^
  File "C:\Users\43285092\.conda\envs\pycaret_env\Lib\site-packages\sklearn\metrics\_ranking.py", line 634, in roc_auc_score
    return _multiclass_roc_auc_score(
           ^^^^^^^^^^^^^^^^^^^^^^^^^^
  File "C:\Users\43285092\.conda\envs\pycaret_env\Lib\site-packages\sklearn\metrics\_ranking.py", line 707, in _multiclass_roc_auc_score
    raise ValueError(
ValueError: Target scores need to be probabilities for multiclass roc_auc, i.e. they should sum up to 1.0 over classes

  warnings.warn(

2026-07-06 10:49:54,269:WARNING:C:\Users\43285092\.conda\envs\pycaret_env\Lib\site-packages\pycaret\internal\metrics.py:204: FitFailedWarning: Metric 'make_scorer(roc_auc_score, response_method=('decision_function', 'predict_proba'), average=weighted, multi_class=ovr)' failed and error score 0.0 has been returned instead. If this is a custom metric, this usually means that the error is in the metric code. Full exception below:
Traceback (most recent call last):
  File "C:\Users\43285092\.conda\envs\pycaret_env\Lib\site-packages\pycaret\internal\metrics.py", line 196, in _score
    return super()._score(
           ^^^^^^^^^^^^^^^
  File "C:\Users\43285092\.conda\envs\pycaret_env\Lib\site-packages\sklearn\metrics\_scorer.py", line 350, in _score
    return self._sign * self._score_func(y_true, y_pred, **scoring_kwargs)
                        ^^^^^^^^^^^^^^^^^^^^^^^^^^^^^^^^^^^^^^^^^^^^^^^^^^
  File "C:\Users\43285092\.conda\envs\pycaret_env\Lib\site-packages\pycaret\internal\metrics.py", line 144, in __call__
    return self.score_func(y_true, y_pred, **kwargs)
           ^^^^^^^^^^^^^^^^^^^^^^^^^^^^^^^^^^^^^^^^^
  File "C:\Users\43285092\.conda\envs\pycaret_env\Lib\site-packages\sklearn\utils\_param_validation.py", line 213, in wrapper
    return func(*args, **kwargs)
           ^^^^^^^^^^^^^^^^^^^^^
  File "C:\Users\43285092\.conda\envs\pycaret_env\Lib\site-packages\sklearn\metrics\_ranking.py", line 634, in roc_auc_score
    return _multiclass_roc_auc_score(
           ^^^^^^^^^^^^^^^^^^^^^^^^^^
  File "C:\Users\43285092\.conda\envs\pycaret_env\Lib\site-packages\sklearn\metrics\_ranking.py", line 707, in _multiclass_roc_auc_score
    raise ValueError(
ValueError: Target scores need to be probabilities for multiclass roc_auc, i.e. they should sum up to 1.0 over classes

  warnings.warn(

2026-07-06 10:49:54,368:WARNING:C:\Users\43285092\.conda\envs\pycaret_env\Lib\site-packages\pycaret\internal\metrics.py:204: FitFailedWarning: Metric 'make_scorer(roc_auc_score, response_method=('decision_function', 'predict_proba'), average=weighted, multi_class=ovr)' failed and error score 0.0 has been returned instead. If this is a custom metric, this usually means that the error is in the metric code. Full exception below:
Traceback (most recent call last):
  File "C:\Users\43285092\.conda\envs\pycaret_env\Lib\site-packages\pycaret\internal\metrics.py", line 196, in _score
    return super()._score(
           ^^^^^^^^^^^^^^^
  File "C:\Users\43285092\.conda\envs\pycaret_env\Lib\site-packages\sklearn\metrics\_scorer.py", line 350, in _score
    return self._sign * self._score_func(y_true, y_pred, **scoring_kwargs)
                        ^^^^^^^^^^^^^^^^^^^^^^^^^^^^^^^^^^^^^^^^^^^^^^^^^^
  File "C:\Users\43285092\.conda\envs\pycaret_env\Lib\site-packages\pycaret\internal\metrics.py", line 144, in __call__
    return self.score_func(y_true, y_pred, **kwargs)
           ^^^^^^^^^^^^^^^^^^^^^^^^^^^^^^^^^^^^^^^^^
  File "C:\Users\43285092\.conda\envs\pycaret_env\Lib\site-packages\sklearn\utils\_param_validation.py", line 213, in wrapper
    return func(*args, **kwargs)
           ^^^^^^^^^^^^^^^^^^^^^
  File "C:\Users\43285092\.conda\envs\pycaret_env\Lib\site-packages\sklearn\metrics\_ranking.py", line 634, in roc_auc_score
    return _multiclass_roc_auc_score(
           ^^^^^^^^^^^^^^^^^^^^^^^^^^
  File "C:\Users\43285092\.conda\envs\pycaret_env\Lib\site-packages\sklearn\metrics\_ranking.py", line 707, in _multiclass_roc_auc_score
    raise ValueError(
ValueError: Target scores need to be probabilities for multiclass roc_auc, i.e. they should sum up to 1.0 over classes

  warnings.warn(

2026-07-06 10:49:54,494:WARNING:C:\Users\43285092\.conda\envs\pycaret_env\Lib\site-packages\pycaret\internal\metrics.py:204: FitFailedWarning: Metric 'make_scorer(roc_auc_score, response_method=('decision_function', 'predict_proba'), average=weighted, multi_class=ovr)' failed and error score 0.0 has been returned instead. If this is a custom metric, this usually means that the error is in the metric code. Full exception below:
Traceback (most recent call last):
  File "C:\Users\43285092\.conda\envs\pycaret_env\Lib\site-packages\pycaret\internal\metrics.py", line 196, in _score
    return super()._score(
           ^^^^^^^^^^^^^^^
  File "C:\Users\43285092\.conda\envs\pycaret_env\Lib\site-packages\sklearn\metrics\_scorer.py", line 350, in _score
    return self._sign * self._score_func(y_true, y_pred, **scoring_kwargs)
                        ^^^^^^^^^^^^^^^^^^^^^^^^^^^^^^^^^^^^^^^^^^^^^^^^^^
  File "C:\Users\43285092\.conda\envs\pycaret_env\Lib\site-packages\pycaret\internal\metrics.py", line 144, in __call__
    return self.score_func(y_true, y_pred, **kwargs)
           ^^^^^^^^^^^^^^^^^^^^^^^^^^^^^^^^^^^^^^^^^
  File "C:\Users\43285092\.conda\envs\pycaret_env\Lib\site-packages\sklearn\utils\_param_validation.py", line 213, in wrapper
    return func(*args, **kwargs)
           ^^^^^^^^^^^^^^^^^^^^^
  File "C:\Users\43285092\.conda\envs\pycaret_env\Lib\site-packages\sklearn\metrics\_ranking.py", line 634, in roc_auc_score
    return _multiclass_roc_auc_score(
           ^^^^^^^^^^^^^^^^^^^^^^^^^^
  File "C:\Users\43285092\.conda\envs\pycaret_env\Lib\site-packages\sklearn\metrics\_ranking.py", line 707, in _multiclass_roc_auc_score
    raise ValueError(
ValueError: Target scores need to be probabilities for multiclass roc_auc, i.e. they should sum up to 1.0 over classes

  warnings.warn(

2026-07-06 10:49:54,514:INFO:Calculating mean and std
2026-07-06 10:49:54,514:INFO:Creating metrics dataframe
2026-07-06 10:49:54,517:INFO:Uploading results into container
2026-07-06 10:49:54,517:INFO:Uploading model into container now
2026-07-06 10:49:54,517:INFO:_master_model_container: 9
2026-07-06 10:49:54,518:INFO:_display_container: 2
2026-07-06 10:49:54,518:INFO:GradientBoostingClassifier(ccp_alpha=0.0, criterion='friedman_mse', init=None,
                           learning_rate=0.1, loss='log_loss', max_depth=3,
                           max_features=None, max_leaf_nodes=None,
                           min_impurity_decrease=0.0, min_samples_leaf=1,
                           min_samples_split=2, min_weight_fraction_leaf=0.0,
                           n_estimators=100, n_iter_no_change=None,
                           random_state=42, subsample=1.0, tol=0.0001,
                           validation_fraction=0.1, verbose=0,
                           warm_start=False)
2026-07-06 10:49:54,518:INFO:create_model() successfully completed......................................
2026-07-06 10:49:54,585:INFO:SubProcess create_model() end ==================================
2026-07-06 10:49:54,585:INFO:Creating metrics dataframe
2026-07-06 10:49:54,602:INFO:Initializing Linear Discriminant Analysis
2026-07-06 10:49:54,602:INFO:Total runtime is 0.9326328674952189 minutes
2026-07-06 10:49:54,602:INFO:SubProcess create_model() called ==================================
2026-07-06 10:49:54,602:INFO:Initializing create_model()
2026-07-06 10:49:54,602:INFO:create_model(self=<pycaret.classification.oop.ClassificationExperiment object at 0x000001A7D4775F50>, estimator=lda, fold=StratifiedKFold(n_splits=10, random_state=None, shuffle=False), round=4, cross_validation=True, predict=True, fit_kwargs={}, groups=None, refit=False, probability_threshold=None, experiment_custom_tags=None, verbose=False, system=False, add_to_model_list=True, metrics=None, display=<pycaret.internal.display.display.CommonDisplay object at 0x000001A7DC09EB50>, model_only=True, return_train_score=False, error_score=0.0, kwargs={})
2026-07-06 10:49:54,602:INFO:Checking exceptions
2026-07-06 10:49:54,602:INFO:Importing libraries
2026-07-06 10:49:54,602:INFO:Copying training dataset
2026-07-06 10:49:54,602:INFO:Defining folds
2026-07-06 10:49:54,602:INFO:Declaring metric variables
2026-07-06 10:49:54,602:INFO:Importing untrained model
2026-07-06 10:49:54,602:INFO:Linear Discriminant Analysis Imported successfully
2026-07-06 10:49:54,602:INFO:Starting cross validation
2026-07-06 10:49:54,602:INFO:Cross validating with StratifiedKFold(n_splits=10, random_state=None, shuffle=False), n_jobs=-1
2026-07-06 10:49:54,786:WARNING:C:\Users\43285092\.conda\envs\pycaret_env\Lib\site-packages\pycaret\internal\metrics.py:204: FitFailedWarning: Metric 'make_scorer(roc_auc_score, response_method=('decision_function', 'predict_proba'), average=weighted, multi_class=ovr)' failed and error score 0.0 has been returned instead. If this is a custom metric, this usually means that the error is in the metric code. Full exception below:
Traceback (most recent call last):
  File "C:\Users\43285092\.conda\envs\pycaret_env\Lib\site-packages\pycaret\internal\metrics.py", line 196, in _score
    return super()._score(
           ^^^^^^^^^^^^^^^
  File "C:\Users\43285092\.conda\envs\pycaret_env\Lib\site-packages\sklearn\metrics\_scorer.py", line 350, in _score
    return self._sign * self._score_func(y_true, y_pred, **scoring_kwargs)
                        ^^^^^^^^^^^^^^^^^^^^^^^^^^^^^^^^^^^^^^^^^^^^^^^^^^
  File "C:\Users\43285092\.conda\envs\pycaret_env\Lib\site-packages\pycaret\internal\metrics.py", line 144, in __call__
    return self.score_func(y_true, y_pred, **kwargs)
           ^^^^^^^^^^^^^^^^^^^^^^^^^^^^^^^^^^^^^^^^^
  File "C:\Users\43285092\.conda\envs\pycaret_env\Lib\site-packages\sklearn\utils\_param_validation.py", line 213, in wrapper
    return func(*args, **kwargs)
           ^^^^^^^^^^^^^^^^^^^^^
  File "C:\Users\43285092\.conda\envs\pycaret_env\Lib\site-packages\sklearn\metrics\_ranking.py", line 634, in roc_auc_score
    return _multiclass_roc_auc_score(
           ^^^^^^^^^^^^^^^^^^^^^^^^^^
  File "C:\Users\43285092\.conda\envs\pycaret_env\Lib\site-packages\sklearn\metrics\_ranking.py", line 707, in _multiclass_roc_auc_score
    raise ValueError(
ValueError: Target scores need to be probabilities for multiclass roc_auc, i.e. they should sum up to 1.0 over classes

  warnings.warn(

2026-07-06 10:49:54,790:WARNING:C:\Users\43285092\.conda\envs\pycaret_env\Lib\site-packages\pycaret\internal\metrics.py:204: FitFailedWarning: Metric 'make_scorer(roc_auc_score, response_method=('decision_function', 'predict_proba'), average=weighted, multi_class=ovr)' failed and error score 0.0 has been returned instead. If this is a custom metric, this usually means that the error is in the metric code. Full exception below:
Traceback (most recent call last):
  File "C:\Users\43285092\.conda\envs\pycaret_env\Lib\site-packages\pycaret\internal\metrics.py", line 196, in _score
    return super()._score(
           ^^^^^^^^^^^^^^^
  File "C:\Users\43285092\.conda\envs\pycaret_env\Lib\site-packages\sklearn\metrics\_scorer.py", line 350, in _score
    return self._sign * self._score_func(y_true, y_pred, **scoring_kwargs)
                        ^^^^^^^^^^^^^^^^^^^^^^^^^^^^^^^^^^^^^^^^^^^^^^^^^^
  File "C:\Users\43285092\.conda\envs\pycaret_env\Lib\site-packages\pycaret\internal\metrics.py", line 144, in __call__
    return self.score_func(y_true, y_pred, **kwargs)
           ^^^^^^^^^^^^^^^^^^^^^^^^^^^^^^^^^^^^^^^^^
  File "C:\Users\43285092\.conda\envs\pycaret_env\Lib\site-packages\sklearn\utils\_param_validation.py", line 213, in wrapper
    return func(*args, **kwargs)
           ^^^^^^^^^^^^^^^^^^^^^
  File "C:\Users\43285092\.conda\envs\pycaret_env\Lib\site-packages\sklearn\metrics\_ranking.py", line 634, in roc_auc_score
    return _multiclass_roc_auc_score(
           ^^^^^^^^^^^^^^^^^^^^^^^^^^
  File "C:\Users\43285092\.conda\envs\pycaret_env\Lib\site-packages\sklearn\metrics\_ranking.py", line 707, in _multiclass_roc_auc_score
    raise ValueError(
ValueError: Target scores need to be probabilities for multiclass roc_auc, i.e. they should sum up to 1.0 over classes

  warnings.warn(

2026-07-06 10:49:54,790:WARNING:C:\Users\43285092\.conda\envs\pycaret_env\Lib\site-packages\pycaret\internal\metrics.py:204: FitFailedWarning: Metric 'make_scorer(roc_auc_score, response_method=('decision_function', 'predict_proba'), average=weighted, multi_class=ovr)' failed and error score 0.0 has been returned instead. If this is a custom metric, this usually means that the error is in the metric code. Full exception below:
Traceback (most recent call last):
  File "C:\Users\43285092\.conda\envs\pycaret_env\Lib\site-packages\pycaret\internal\metrics.py", line 196, in _score
    return super()._score(
           ^^^^^^^^^^^^^^^
  File "C:\Users\43285092\.conda\envs\pycaret_env\Lib\site-packages\sklearn\metrics\_scorer.py", line 350, in _score
    return self._sign * self._score_func(y_true, y_pred, **scoring_kwargs)
                        ^^^^^^^^^^^^^^^^^^^^^^^^^^^^^^^^^^^^^^^^^^^^^^^^^^
  File "C:\Users\43285092\.conda\envs\pycaret_env\Lib\site-packages\pycaret\internal\metrics.py", line 144, in __call__
    return self.score_func(y_true, y_pred, **kwargs)
           ^^^^^^^^^^^^^^^^^^^^^^^^^^^^^^^^^^^^^^^^^
  File "C:\Users\43285092\.conda\envs\pycaret_env\Lib\site-packages\sklearn\utils\_param_validation.py", line 213, in wrapper
    return func(*args, **kwargs)
           ^^^^^^^^^^^^^^^^^^^^^
  File "C:\Users\43285092\.conda\envs\pycaret_env\Lib\site-packages\sklearn\metrics\_ranking.py", line 634, in roc_auc_score
    return _multiclass_roc_auc_score(
           ^^^^^^^^^^^^^^^^^^^^^^^^^^
  File "C:\Users\43285092\.conda\envs\pycaret_env\Lib\site-packages\sklearn\metrics\_ranking.py", line 707, in _multiclass_roc_auc_score
    raise ValueError(
ValueError: Target scores need to be probabilities for multiclass roc_auc, i.e. they should sum up to 1.0 over classes

  warnings.warn(

2026-07-06 10:49:54,790:WARNING:C:\Users\43285092\.conda\envs\pycaret_env\Lib\site-packages\pycaret\internal\metrics.py:204: FitFailedWarning: Metric 'make_scorer(roc_auc_score, response_method=('decision_function', 'predict_proba'), average=weighted, multi_class=ovr)' failed and error score 0.0 has been returned instead. If this is a custom metric, this usually means that the error is in the metric code. Full exception below:
Traceback (most recent call last):
  File "C:\Users\43285092\.conda\envs\pycaret_env\Lib\site-packages\pycaret\internal\metrics.py", line 196, in _score
    return super()._score(
           ^^^^^^^^^^^^^^^
  File "C:\Users\43285092\.conda\envs\pycaret_env\Lib\site-packages\sklearn\metrics\_scorer.py", line 350, in _score
    return self._sign * self._score_func(y_true, y_pred, **scoring_kwargs)
                        ^^^^^^^^^^^^^^^^^^^^^^^^^^^^^^^^^^^^^^^^^^^^^^^^^^
  File "C:\Users\43285092\.conda\envs\pycaret_env\Lib\site-packages\pycaret\internal\metrics.py", line 144, in __call__
    return self.score_func(y_true, y_pred, **kwargs)
           ^^^^^^^^^^^^^^^^^^^^^^^^^^^^^^^^^^^^^^^^^
  File "C:\Users\43285092\.conda\envs\pycaret_env\Lib\site-packages\sklearn\utils\_param_validation.py", line 213, in wrapper
    return func(*args, **kwargs)
           ^^^^^^^^^^^^^^^^^^^^^
  File "C:\Users\43285092\.conda\envs\pycaret_env\Lib\site-packages\sklearn\metrics\_ranking.py", line 634, in roc_auc_score
    return _multiclass_roc_auc_score(
           ^^^^^^^^^^^^^^^^^^^^^^^^^^
  File "C:\Users\43285092\.conda\envs\pycaret_env\Lib\site-packages\sklearn\metrics\_ranking.py", line 707, in _multiclass_roc_auc_score
    raise ValueError(
ValueError: Target scores need to be probabilities for multiclass roc_auc, i.e. they should sum up to 1.0 over classes

  warnings.warn(

2026-07-06 10:49:54,802:WARNING:C:\Users\43285092\.conda\envs\pycaret_env\Lib\site-packages\pycaret\internal\metrics.py:204: FitFailedWarning: Metric 'make_scorer(roc_auc_score, response_method=('decision_function', 'predict_proba'), average=weighted, multi_class=ovr)' failed and error score 0.0 has been returned instead. If this is a custom metric, this usually means that the error is in the metric code. Full exception below:
Traceback (most recent call last):
  File "C:\Users\43285092\.conda\envs\pycaret_env\Lib\site-packages\pycaret\internal\metrics.py", line 196, in _score
    return super()._score(
           ^^^^^^^^^^^^^^^
  File "C:\Users\43285092\.conda\envs\pycaret_env\Lib\site-packages\sklearn\metrics\_scorer.py", line 350, in _score
    return self._sign * self._score_func(y_true, y_pred, **scoring_kwargs)
                        ^^^^^^^^^^^^^^^^^^^^^^^^^^^^^^^^^^^^^^^^^^^^^^^^^^
  File "C:\Users\43285092\.conda\envs\pycaret_env\Lib\site-packages\pycaret\internal\metrics.py", line 144, in __call__
    return self.score_func(y_true, y_pred, **kwargs)
           ^^^^^^^^^^^^^^^^^^^^^^^^^^^^^^^^^^^^^^^^^
  File "C:\Users\43285092\.conda\envs\pycaret_env\Lib\site-packages\sklearn\utils\_param_validation.py", line 213, in wrapper
    return func(*args, **kwargs)
           ^^^^^^^^^^^^^^^^^^^^^
  File "C:\Users\43285092\.conda\envs\pycaret_env\Lib\site-packages\sklearn\metrics\_ranking.py", line 634, in roc_auc_score
    return _multiclass_roc_auc_score(
           ^^^^^^^^^^^^^^^^^^^^^^^^^^
  File "C:\Users\43285092\.conda\envs\pycaret_env\Lib\site-packages\sklearn\metrics\_ranking.py", line 707, in _multiclass_roc_auc_score
    raise ValueError(
ValueError: Target scores need to be probabilities for multiclass roc_auc, i.e. they should sum up to 1.0 over classes

  warnings.warn(

2026-07-06 10:49:54,802:WARNING:C:\Users\43285092\.conda\envs\pycaret_env\Lib\site-packages\pycaret\internal\metrics.py:204: FitFailedWarning: Metric 'make_scorer(roc_auc_score, response_method=('decision_function', 'predict_proba'), average=weighted, multi_class=ovr)' failed and error score 0.0 has been returned instead. If this is a custom metric, this usually means that the error is in the metric code. Full exception below:
Traceback (most recent call last):
  File "C:\Users\43285092\.conda\envs\pycaret_env\Lib\site-packages\pycaret\internal\metrics.py", line 196, in _score
    return super()._score(
           ^^^^^^^^^^^^^^^
  File "C:\Users\43285092\.conda\envs\pycaret_env\Lib\site-packages\sklearn\metrics\_scorer.py", line 350, in _score
    return self._sign * self._score_func(y_true, y_pred, **scoring_kwargs)
                        ^^^^^^^^^^^^^^^^^^^^^^^^^^^^^^^^^^^^^^^^^^^^^^^^^^
  File "C:\Users\43285092\.conda\envs\pycaret_env\Lib\site-packages\pycaret\internal\metrics.py", line 144, in __call__
    return self.score_func(y_true, y_pred, **kwargs)
           ^^^^^^^^^^^^^^^^^^^^^^^^^^^^^^^^^^^^^^^^^
  File "C:\Users\43285092\.conda\envs\pycaret_env\Lib\site-packages\sklearn\utils\_param_validation.py", line 213, in wrapper
    return func(*args, **kwargs)
           ^^^^^^^^^^^^^^^^^^^^^
  File "C:\Users\43285092\.conda\envs\pycaret_env\Lib\site-packages\sklearn\metrics\_ranking.py", line 634, in roc_auc_score
    return _multiclass_roc_auc_score(
           ^^^^^^^^^^^^^^^^^^^^^^^^^^
  File "C:\Users\43285092\.conda\envs\pycaret_env\Lib\site-packages\sklearn\metrics\_ranking.py", line 707, in _multiclass_roc_auc_score
    raise ValueError(
ValueError: Target scores need to be probabilities for multiclass roc_auc, i.e. they should sum up to 1.0 over classes

  warnings.warn(

2026-07-06 10:49:54,819:WARNING:C:\Users\43285092\.conda\envs\pycaret_env\Lib\site-packages\pycaret\internal\metrics.py:204: FitFailedWarning: Metric 'make_scorer(roc_auc_score, response_method=('decision_function', 'predict_proba'), average=weighted, multi_class=ovr)' failed and error score 0.0 has been returned instead. If this is a custom metric, this usually means that the error is in the metric code. Full exception below:
Traceback (most recent call last):
  File "C:\Users\43285092\.conda\envs\pycaret_env\Lib\site-packages\pycaret\internal\metrics.py", line 196, in _score
    return super()._score(
           ^^^^^^^^^^^^^^^
  File "C:\Users\43285092\.conda\envs\pycaret_env\Lib\site-packages\sklearn\metrics\_scorer.py", line 350, in _score
    return self._sign * self._score_func(y_true, y_pred, **scoring_kwargs)
                        ^^^^^^^^^^^^^^^^^^^^^^^^^^^^^^^^^^^^^^^^^^^^^^^^^^
  File "C:\Users\43285092\.conda\envs\pycaret_env\Lib\site-packages\pycaret\internal\metrics.py", line 144, in __call__
    return self.score_func(y_true, y_pred, **kwargs)
           ^^^^^^^^^^^^^^^^^^^^^^^^^^^^^^^^^^^^^^^^^
  File "C:\Users\43285092\.conda\envs\pycaret_env\Lib\site-packages\sklearn\utils\_param_validation.py", line 213, in wrapper
    return func(*args, **kwargs)
           ^^^^^^^^^^^^^^^^^^^^^
  File "C:\Users\43285092\.conda\envs\pycaret_env\Lib\site-packages\sklearn\metrics\_ranking.py", line 634, in roc_auc_score
    return _multiclass_roc_auc_score(
           ^^^^^^^^^^^^^^^^^^^^^^^^^^
  File "C:\Users\43285092\.conda\envs\pycaret_env\Lib\site-packages\sklearn\metrics\_ranking.py", line 707, in _multiclass_roc_auc_score
    raise ValueError(
ValueError: Target scores need to be probabilities for multiclass roc_auc, i.e. they should sum up to 1.0 over classes

  warnings.warn(

2026-07-06 10:49:54,821:WARNING:C:\Users\43285092\.conda\envs\pycaret_env\Lib\site-packages\pycaret\internal\metrics.py:204: FitFailedWarning: Metric 'make_scorer(roc_auc_score, response_method=('decision_function', 'predict_proba'), average=weighted, multi_class=ovr)' failed and error score 0.0 has been returned instead. If this is a custom metric, this usually means that the error is in the metric code. Full exception below:
Traceback (most recent call last):
  File "C:\Users\43285092\.conda\envs\pycaret_env\Lib\site-packages\pycaret\internal\metrics.py", line 196, in _score
    return super()._score(
           ^^^^^^^^^^^^^^^
  File "C:\Users\43285092\.conda\envs\pycaret_env\Lib\site-packages\sklearn\metrics\_scorer.py", line 350, in _score
    return self._sign * self._score_func(y_true, y_pred, **scoring_kwargs)
                        ^^^^^^^^^^^^^^^^^^^^^^^^^^^^^^^^^^^^^^^^^^^^^^^^^^
  File "C:\Users\43285092\.conda\envs\pycaret_env\Lib\site-packages\pycaret\internal\metrics.py", line 144, in __call__
    return self.score_func(y_true, y_pred, **kwargs)
           ^^^^^^^^^^^^^^^^^^^^^^^^^^^^^^^^^^^^^^^^^
  File "C:\Users\43285092\.conda\envs\pycaret_env\Lib\site-packages\sklearn\utils\_param_validation.py", line 213, in wrapper
    return func(*args, **kwargs)
           ^^^^^^^^^^^^^^^^^^^^^
  File "C:\Users\43285092\.conda\envs\pycaret_env\Lib\site-packages\sklearn\metrics\_ranking.py", line 634, in roc_auc_score
    return _multiclass_roc_auc_score(
           ^^^^^^^^^^^^^^^^^^^^^^^^^^
  File "C:\Users\43285092\.conda\envs\pycaret_env\Lib\site-packages\sklearn\metrics\_ranking.py", line 707, in _multiclass_roc_auc_score
    raise ValueError(
ValueError: Target scores need to be probabilities for multiclass roc_auc, i.e. they should sum up to 1.0 over classes

  warnings.warn(

2026-07-06 10:49:54,821:WARNING:C:\Users\43285092\.conda\envs\pycaret_env\Lib\site-packages\pycaret\internal\metrics.py:204: FitFailedWarning: Metric 'make_scorer(roc_auc_score, response_method=('decision_function', 'predict_proba'), average=weighted, multi_class=ovr)' failed and error score 0.0 has been returned instead. If this is a custom metric, this usually means that the error is in the metric code. Full exception below:
Traceback (most recent call last):
  File "C:\Users\43285092\.conda\envs\pycaret_env\Lib\site-packages\pycaret\internal\metrics.py", line 196, in _score
    return super()._score(
           ^^^^^^^^^^^^^^^
  File "C:\Users\43285092\.conda\envs\pycaret_env\Lib\site-packages\sklearn\metrics\_scorer.py", line 350, in _score
    return self._sign * self._score_func(y_true, y_pred, **scoring_kwargs)
                        ^^^^^^^^^^^^^^^^^^^^^^^^^^^^^^^^^^^^^^^^^^^^^^^^^^
  File "C:\Users\43285092\.conda\envs\pycaret_env\Lib\site-packages\pycaret\internal\metrics.py", line 144, in __call__
    return self.score_func(y_true, y_pred, **kwargs)
           ^^^^^^^^^^^^^^^^^^^^^^^^^^^^^^^^^^^^^^^^^
  File "C:\Users\43285092\.conda\envs\pycaret_env\Lib\site-packages\sklearn\utils\_param_validation.py", line 213, in wrapper
    return func(*args, **kwargs)
           ^^^^^^^^^^^^^^^^^^^^^
  File "C:\Users\43285092\.conda\envs\pycaret_env\Lib\site-packages\sklearn\metrics\_ranking.py", line 634, in roc_auc_score
    return _multiclass_roc_auc_score(
           ^^^^^^^^^^^^^^^^^^^^^^^^^^
  File "C:\Users\43285092\.conda\envs\pycaret_env\Lib\site-packages\sklearn\metrics\_ranking.py", line 707, in _multiclass_roc_auc_score
    raise ValueError(
ValueError: Target scores need to be probabilities for multiclass roc_auc, i.e. they should sum up to 1.0 over classes

  warnings.warn(

2026-07-06 10:49:54,821:WARNING:C:\Users\43285092\.conda\envs\pycaret_env\Lib\site-packages\pycaret\internal\metrics.py:204: FitFailedWarning: Metric 'make_scorer(roc_auc_score, response_method=('decision_function', 'predict_proba'), average=weighted, multi_class=ovr)' failed and error score 0.0 has been returned instead. If this is a custom metric, this usually means that the error is in the metric code. Full exception below:
Traceback (most recent call last):
  File "C:\Users\43285092\.conda\envs\pycaret_env\Lib\site-packages\pycaret\internal\metrics.py", line 196, in _score
    return super()._score(
           ^^^^^^^^^^^^^^^
  File "C:\Users\43285092\.conda\envs\pycaret_env\Lib\site-packages\sklearn\metrics\_scorer.py", line 350, in _score
    return self._sign * self._score_func(y_true, y_pred, **scoring_kwargs)
                        ^^^^^^^^^^^^^^^^^^^^^^^^^^^^^^^^^^^^^^^^^^^^^^^^^^
  File "C:\Users\43285092\.conda\envs\pycaret_env\Lib\site-packages\pycaret\internal\metrics.py", line 144, in __call__
    return self.score_func(y_true, y_pred, **kwargs)
           ^^^^^^^^^^^^^^^^^^^^^^^^^^^^^^^^^^^^^^^^^
  File "C:\Users\43285092\.conda\envs\pycaret_env\Lib\site-packages\sklearn\utils\_param_validation.py", line 213, in wrapper
    return func(*args, **kwargs)
           ^^^^^^^^^^^^^^^^^^^^^
  File "C:\Users\43285092\.conda\envs\pycaret_env\Lib\site-packages\sklearn\metrics\_ranking.py", line 634, in roc_auc_score
    return _multiclass_roc_auc_score(
           ^^^^^^^^^^^^^^^^^^^^^^^^^^
  File "C:\Users\43285092\.conda\envs\pycaret_env\Lib\site-packages\sklearn\metrics\_ranking.py", line 707, in _multiclass_roc_auc_score
    raise ValueError(
ValueError: Target scores need to be probabilities for multiclass roc_auc, i.e. they should sum up to 1.0 over classes

  warnings.warn(

2026-07-06 10:49:54,842:INFO:Calculating mean and std
2026-07-06 10:49:54,842:INFO:Creating metrics dataframe
2026-07-06 10:49:54,842:INFO:Uploading results into container
2026-07-06 10:49:54,842:INFO:Uploading model into container now
2026-07-06 10:49:54,842:INFO:_master_model_container: 10
2026-07-06 10:49:54,842:INFO:_display_container: 2
2026-07-06 10:49:54,842:INFO:LinearDiscriminantAnalysis(covariance_estimator=None, n_components=None,
                           priors=None, shrinkage=None, solver='svd',
                           store_covariance=False, tol=0.0001)
2026-07-06 10:49:54,842:INFO:create_model() successfully completed......................................
2026-07-06 10:49:54,919:INFO:SubProcess create_model() end ==================================
2026-07-06 10:49:54,919:INFO:Creating metrics dataframe
2026-07-06 10:49:54,919:INFO:Initializing Extra Trees Classifier
2026-07-06 10:49:54,919:INFO:Total runtime is 0.9379148761431376 minutes
2026-07-06 10:49:54,919:INFO:SubProcess create_model() called ==================================
2026-07-06 10:49:54,919:INFO:Initializing create_model()
2026-07-06 10:49:54,919:INFO:create_model(self=<pycaret.classification.oop.ClassificationExperiment object at 0x000001A7D4775F50>, estimator=et, fold=StratifiedKFold(n_splits=10, random_state=None, shuffle=False), round=4, cross_validation=True, predict=True, fit_kwargs={}, groups=None, refit=False, probability_threshold=None, experiment_custom_tags=None, verbose=False, system=False, add_to_model_list=True, metrics=None, display=<pycaret.internal.display.display.CommonDisplay object at 0x000001A7DC09EB50>, model_only=True, return_train_score=False, error_score=0.0, kwargs={})
2026-07-06 10:49:54,919:INFO:Checking exceptions
2026-07-06 10:49:54,919:INFO:Importing libraries
2026-07-06 10:49:54,919:INFO:Copying training dataset
2026-07-06 10:49:54,919:INFO:Defining folds
2026-07-06 10:49:54,919:INFO:Declaring metric variables
2026-07-06 10:49:54,919:INFO:Importing untrained model
2026-07-06 10:49:54,919:INFO:Extra Trees Classifier Imported successfully
2026-07-06 10:49:54,919:INFO:Starting cross validation
2026-07-06 10:49:54,919:INFO:Cross validating with StratifiedKFold(n_splits=10, random_state=None, shuffle=False), n_jobs=-1
2026-07-06 10:50:03,510:INFO:Calculating mean and std
2026-07-06 10:50:03,510:INFO:Creating metrics dataframe
2026-07-06 10:50:03,510:INFO:Uploading results into container
2026-07-06 10:50:03,510:INFO:Uploading model into container now
2026-07-06 10:50:03,510:INFO:_master_model_container: 11
2026-07-06 10:50:03,510:INFO:_display_container: 2
2026-07-06 10:50:03,510:INFO:ExtraTreesClassifier(bootstrap=False, ccp_alpha=0.0, class_weight=None,
                     criterion='gini', max_depth=None, max_features='sqrt',
                     max_leaf_nodes=None, max_samples=None,
                     min_impurity_decrease=0.0, min_samples_leaf=1,
                     min_samples_split=2, min_weight_fraction_leaf=0.0,
                     monotonic_cst=None, n_estimators=100, n_jobs=-1,
                     oob_score=False, random_state=42, verbose=0,
                     warm_start=False)
2026-07-06 10:50:03,510:INFO:create_model() successfully completed......................................
2026-07-06 10:50:03,619:INFO:SubProcess create_model() end ==================================
2026-07-06 10:50:03,619:INFO:Creating metrics dataframe
2026-07-06 10:50:03,635:INFO:Initializing Extreme Gradient Boosting
2026-07-06 10:50:03,635:INFO:Total runtime is 1.0831819574038188 minutes
2026-07-06 10:50:03,635:INFO:SubProcess create_model() called ==================================
2026-07-06 10:50:03,635:INFO:Initializing create_model()
2026-07-06 10:50:03,635:INFO:create_model(self=<pycaret.classification.oop.ClassificationExperiment object at 0x000001A7D4775F50>, estimator=xgboost, fold=StratifiedKFold(n_splits=10, random_state=None, shuffle=False), round=4, cross_validation=True, predict=True, fit_kwargs={}, groups=None, refit=False, probability_threshold=None, experiment_custom_tags=None, verbose=False, system=False, add_to_model_list=True, metrics=None, display=<pycaret.internal.display.display.CommonDisplay object at 0x000001A7DC09EB50>, model_only=True, return_train_score=False, error_score=0.0, kwargs={})
2026-07-06 10:50:03,635:INFO:Checking exceptions
2026-07-06 10:50:03,635:INFO:Importing libraries
2026-07-06 10:50:03,635:INFO:Copying training dataset
2026-07-06 10:50:03,635:INFO:Defining folds
2026-07-06 10:50:03,635:INFO:Declaring metric variables
2026-07-06 10:50:03,635:INFO:Importing untrained model
2026-07-06 10:50:03,635:INFO:Extreme Gradient Boosting Imported successfully
2026-07-06 10:50:03,635:INFO:Starting cross validation
2026-07-06 10:50:03,635:INFO:Cross validating with StratifiedKFold(n_splits=10, random_state=None, shuffle=False), n_jobs=-1
2026-07-06 10:50:09,283:INFO:Calculating mean and std
2026-07-06 10:50:09,284:INFO:Creating metrics dataframe
2026-07-06 10:50:09,285:INFO:Uploading results into container
2026-07-06 10:50:09,285:INFO:Uploading model into container now
2026-07-06 10:50:09,285:INFO:_master_model_container: 12
2026-07-06 10:50:09,285:INFO:_display_container: 2
2026-07-06 10:50:09,285:INFO:XGBClassifier(base_score=None, booster='gbtree', callbacks=None,
              colsample_bylevel=None, colsample_bynode=None,
              colsample_bytree=None, device='cpu', early_stopping_rounds=None,
              enable_categorical=False, eval_metric=None, feature_types=None,
              feature_weights=None, gamma=None, grow_policy=None,
              importance_type=None, interaction_constraints=None,
              learning_rate=None, max_bin=None, max_cat_threshold=None,
              max_cat_to_onehot=None, max_delta_step=None, max_depth=None,
              max_leaves=None, min_child_weight=None, missing=nan,
              monotone_constraints=None, multi_strategy=None, n_estimators=None,
              n_jobs=-1, num_parallel_tree=None, ...)
2026-07-06 10:50:09,285:INFO:create_model() successfully completed......................................
2026-07-06 10:50:09,368:INFO:SubProcess create_model() end ==================================
2026-07-06 10:50:09,368:INFO:Creating metrics dataframe
2026-07-06 10:50:09,368:INFO:Initializing Light Gradient Boosting Machine
2026-07-06 10:50:09,368:INFO:Total runtime is 1.178738570213318 minutes
2026-07-06 10:50:09,368:INFO:SubProcess create_model() called ==================================
2026-07-06 10:50:09,368:INFO:Initializing create_model()
2026-07-06 10:50:09,368:INFO:create_model(self=<pycaret.classification.oop.ClassificationExperiment object at 0x000001A7D4775F50>, estimator=lightgbm, fold=StratifiedKFold(n_splits=10, random_state=None, shuffle=False), round=4, cross_validation=True, predict=True, fit_kwargs={}, groups=None, refit=False, probability_threshold=None, experiment_custom_tags=None, verbose=False, system=False, add_to_model_list=True, metrics=None, display=<pycaret.internal.display.display.CommonDisplay object at 0x000001A7DC09EB50>, model_only=True, return_train_score=False, error_score=0.0, kwargs={})
2026-07-06 10:50:09,368:INFO:Checking exceptions
2026-07-06 10:50:09,368:INFO:Importing libraries
2026-07-06 10:50:09,368:INFO:Copying training dataset
2026-07-06 10:50:09,368:INFO:Defining folds
2026-07-06 10:50:09,368:INFO:Declaring metric variables
2026-07-06 10:50:09,368:INFO:Importing untrained model
2026-07-06 10:50:09,368:INFO:Light Gradient Boosting Machine Imported successfully
2026-07-06 10:50:09,368:INFO:Starting cross validation
2026-07-06 10:50:09,368:INFO:Cross validating with StratifiedKFold(n_splits=10, random_state=None, shuffle=False), n_jobs=-1
2026-07-06 10:50:15,025:INFO:Calculating mean and std
2026-07-06 10:50:15,025:INFO:Creating metrics dataframe
2026-07-06 10:50:15,027:INFO:Uploading results into container
2026-07-06 10:50:15,029:INFO:Uploading model into container now
2026-07-06 10:50:15,029:INFO:_master_model_container: 13
2026-07-06 10:50:15,029:INFO:_display_container: 2
2026-07-06 10:50:15,029:INFO:LGBMClassifier(boosting_type='gbdt', class_weight=None, colsample_bytree=1.0,
               importance_type='split', learning_rate=0.1, max_depth=-1,
               min_child_samples=20, min_child_weight=0.001, min_split_gain=0.0,
               n_estimators=100, n_jobs=-1, num_leaves=31, objective=None,
               random_state=42, reg_alpha=0.0, reg_lambda=0.0, subsample=1.0,
               subsample_for_bin=200000, subsample_freq=0)
2026-07-06 10:50:15,029:INFO:create_model() successfully completed......................................
2026-07-06 10:50:15,150:INFO:SubProcess create_model() end ==================================
2026-07-06 10:50:15,150:INFO:Creating metrics dataframe
2026-07-06 10:50:15,151:INFO:Initializing Dummy Classifier
2026-07-06 10:50:15,151:INFO:Total runtime is 1.2751248280207317 minutes
2026-07-06 10:50:15,151:INFO:SubProcess create_model() called ==================================
2026-07-06 10:50:15,151:INFO:Initializing create_model()
2026-07-06 10:50:15,151:INFO:create_model(self=<pycaret.classification.oop.ClassificationExperiment object at 0x000001A7D4775F50>, estimator=dummy, fold=StratifiedKFold(n_splits=10, random_state=None, shuffle=False), round=4, cross_validation=True, predict=True, fit_kwargs={}, groups=None, refit=False, probability_threshold=None, experiment_custom_tags=None, verbose=False, system=False, add_to_model_list=True, metrics=None, display=<pycaret.internal.display.display.CommonDisplay object at 0x000001A7DC09EB50>, model_only=True, return_train_score=False, error_score=0.0, kwargs={})
2026-07-06 10:50:15,151:INFO:Checking exceptions
2026-07-06 10:50:15,151:INFO:Importing libraries
2026-07-06 10:50:15,151:INFO:Copying training dataset
2026-07-06 10:50:15,151:INFO:Defining folds
2026-07-06 10:50:15,151:INFO:Declaring metric variables
2026-07-06 10:50:15,151:INFO:Importing untrained model
2026-07-06 10:50:15,151:INFO:Dummy Classifier Imported successfully
2026-07-06 10:50:15,151:INFO:Starting cross validation
2026-07-06 10:50:15,151:INFO:Cross validating with StratifiedKFold(n_splits=10, random_state=None, shuffle=False), n_jobs=-1
2026-07-06 10:50:15,329:WARNING:C:\Users\43285092\.conda\envs\pycaret_env\Lib\site-packages\sklearn\metrics\_classification.py:1509: UndefinedMetricWarning: Precision is ill-defined and being set to 0.0 in labels with no predicted samples. Use `zero_division` parameter to control this behavior.
  _warn_prf(average, modifier, f"{metric.capitalize()} is", len(result))

2026-07-06 10:50:15,329:WARNING:C:\Users\43285092\.conda\envs\pycaret_env\Lib\site-packages\sklearn\metrics\_classification.py:1509: UndefinedMetricWarning: Precision is ill-defined and being set to 0.0 in labels with no predicted samples. Use `zero_division` parameter to control this behavior.
  _warn_prf(average, modifier, f"{metric.capitalize()} is", len(result))

2026-07-06 10:50:15,329:WARNING:C:\Users\43285092\.conda\envs\pycaret_env\Lib\site-packages\sklearn\metrics\_classification.py:1509: UndefinedMetricWarning: Precision is ill-defined and being set to 0.0 in labels with no predicted samples. Use `zero_division` parameter to control this behavior.
  _warn_prf(average, modifier, f"{metric.capitalize()} is", len(result))

2026-07-06 10:50:15,340:WARNING:C:\Users\43285092\.conda\envs\pycaret_env\Lib\site-packages\sklearn\metrics\_classification.py:1509: UndefinedMetricWarning: Precision is ill-defined and being set to 0.0 in labels with no predicted samples. Use `zero_division` parameter to control this behavior.
  _warn_prf(average, modifier, f"{metric.capitalize()} is", len(result))

2026-07-06 10:50:15,340:WARNING:C:\Users\43285092\.conda\envs\pycaret_env\Lib\site-packages\sklearn\metrics\_classification.py:1509: UndefinedMetricWarning: Precision is ill-defined and being set to 0.0 in labels with no predicted samples. Use `zero_division` parameter to control this behavior.
  _warn_prf(average, modifier, f"{metric.capitalize()} is", len(result))

2026-07-06 10:50:15,340:WARNING:C:\Users\43285092\.conda\envs\pycaret_env\Lib\site-packages\sklearn\metrics\_classification.py:1509: UndefinedMetricWarning: Precision is ill-defined and being set to 0.0 in labels with no predicted samples. Use `zero_division` parameter to control this behavior.
  _warn_prf(average, modifier, f"{metric.capitalize()} is", len(result))

2026-07-06 10:50:15,361:WARNING:C:\Users\43285092\.conda\envs\pycaret_env\Lib\site-packages\sklearn\metrics\_classification.py:1509: UndefinedMetricWarning: Precision is ill-defined and being set to 0.0 in labels with no predicted samples. Use `zero_division` parameter to control this behavior.
  _warn_prf(average, modifier, f"{metric.capitalize()} is", len(result))

2026-07-06 10:50:15,371:WARNING:C:\Users\43285092\.conda\envs\pycaret_env\Lib\site-packages\sklearn\metrics\_classification.py:1509: UndefinedMetricWarning: Precision is ill-defined and being set to 0.0 in labels with no predicted samples. Use `zero_division` parameter to control this behavior.
  _warn_prf(average, modifier, f"{metric.capitalize()} is", len(result))

2026-07-06 10:50:15,384:WARNING:C:\Users\43285092\.conda\envs\pycaret_env\Lib\site-packages\sklearn\metrics\_classification.py:1509: UndefinedMetricWarning: Precision is ill-defined and being set to 0.0 in labels with no predicted samples. Use `zero_division` parameter to control this behavior.
  _warn_prf(average, modifier, f"{metric.capitalize()} is", len(result))

2026-07-06 10:50:15,391:INFO:Calculating mean and std
2026-07-06 10:50:15,391:INFO:Creating metrics dataframe
2026-07-06 10:50:15,391:INFO:Uploading results into container
2026-07-06 10:50:15,391:INFO:Uploading model into container now
2026-07-06 10:50:15,391:INFO:_master_model_container: 14
2026-07-06 10:50:15,391:INFO:_display_container: 2
2026-07-06 10:50:15,391:INFO:DummyClassifier(constant=None, random_state=42, strategy='prior')
2026-07-06 10:50:15,391:INFO:create_model() successfully completed......................................
2026-07-06 10:50:15,469:INFO:SubProcess create_model() end ==================================
2026-07-06 10:50:15,469:INFO:Creating metrics dataframe
2026-07-06 10:50:15,469:WARNING:C:\Users\43285092\.conda\envs\pycaret_env\Lib\site-packages\pycaret\internal\pycaret_experiment\supervised_experiment.py:339: FutureWarning: Styler.applymap has been deprecated. Use Styler.map instead.

2026-07-06 10:50:15,469:INFO:Initializing create_model()
2026-07-06 10:50:15,469:INFO:create_model(self=<pycaret.classification.oop.ClassificationExperiment object at 0x000001A7D4775F50>, estimator=RandomForestClassifier(bootstrap=True, ccp_alpha=0.0, class_weight=None,
                       criterion='gini', max_depth=None, max_features='sqrt',
                       max_leaf_nodes=None, max_samples=None,
                       min_impurity_decrease=0.0, min_samples_leaf=1,
                       min_samples_split=2, min_weight_fraction_leaf=0.0,
                       monotonic_cst=None, n_estimators=100, n_jobs=-1,
                       oob_score=False, random_state=42, verbose=0,
                       warm_start=False), fold=StratifiedKFold(n_splits=10, random_state=None, shuffle=False), round=4, cross_validation=False, predict=False, fit_kwargs={}, groups=None, refit=True, probability_threshold=None, experiment_custom_tags=None, verbose=False, system=False, add_to_model_list=True, metrics=None, display=None, model_only=True, return_train_score=False, error_score=0.0, kwargs={})
2026-07-06 10:50:15,469:INFO:Checking exceptions
2026-07-06 10:50:15,469:INFO:Importing libraries
2026-07-06 10:50:15,469:INFO:Copying training dataset
2026-07-06 10:50:15,469:INFO:Defining folds
2026-07-06 10:50:15,469:INFO:Declaring metric variables
2026-07-06 10:50:15,469:INFO:Importing untrained model
2026-07-06 10:50:15,469:INFO:Declaring custom model
2026-07-06 10:50:15,469:INFO:Random Forest Classifier Imported successfully
2026-07-06 10:50:15,469:INFO:Cross validation set to False
2026-07-06 10:50:15,469:INFO:Fitting Model
2026-07-06 10:50:16,743:INFO:RandomForestClassifier(bootstrap=True, ccp_alpha=0.0, class_weight=None,
                       criterion='gini', max_depth=None, max_features='sqrt',
                       max_leaf_nodes=None, max_samples=None,
                       min_impurity_decrease=0.0, min_samples_leaf=1,
                       min_samples_split=2, min_weight_fraction_leaf=0.0,
                       monotonic_cst=None, n_estimators=100, n_jobs=-1,
                       oob_score=False, random_state=42, verbose=0,
                       warm_start=False)
2026-07-06 10:50:16,743:INFO:create_model() successfully completed......................................
2026-07-06 10:50:16,834:INFO:_master_model_container: 14
2026-07-06 10:50:16,834:INFO:_display_container: 2
2026-07-06 10:50:16,835:INFO:RandomForestClassifier(bootstrap=True, ccp_alpha=0.0, class_weight=None,
                       criterion='gini', max_depth=None, max_features='sqrt',
                       max_leaf_nodes=None, max_samples=None,
                       min_impurity_decrease=0.0, min_samples_leaf=1,
                       min_samples_split=2, min_weight_fraction_leaf=0.0,
                       monotonic_cst=None, n_estimators=100, n_jobs=-1,
                       oob_score=False, random_state=42, verbose=0,
                       warm_start=False)
2026-07-06 10:50:16,835:INFO:compare_models() successfully completed......................................
2026-07-06 10:50:16,835:INFO:Initializing finalize_model()
2026-07-06 10:50:16,835:INFO:finalize_model(self=<pycaret.classification.oop.ClassificationExperiment object at 0x000001A7D4775F50>, estimator=RandomForestClassifier(bootstrap=True, ccp_alpha=0.0, class_weight=None,
                       criterion='gini', max_depth=None, max_features='sqrt',
                       max_leaf_nodes=None, max_samples=None,
                       min_impurity_decrease=0.0, min_samples_leaf=1,
                       min_samples_split=2, min_weight_fraction_leaf=0.0,
                       monotonic_cst=None, n_estimators=100, n_jobs=-1,
                       oob_score=False, random_state=42, verbose=0,
                       warm_start=False), fit_kwargs=None, groups=None, model_only=False, experiment_custom_tags=None)
2026-07-06 10:50:16,835:INFO:Finalizing RandomForestClassifier(bootstrap=True, ccp_alpha=0.0, class_weight=None,
                       criterion='gini', max_depth=None, max_features='sqrt',
                       max_leaf_nodes=None, max_samples=None,
                       min_impurity_decrease=0.0, min_samples_leaf=1,
                       min_samples_split=2, min_weight_fraction_leaf=0.0,
                       monotonic_cst=None, n_estimators=100, n_jobs=-1,
                       oob_score=False, random_state=42, verbose=0,
                       warm_start=False)
2026-07-06 10:50:16,835:INFO:Initializing create_model()
2026-07-06 10:50:16,835:INFO:create_model(self=<pycaret.classification.oop.ClassificationExperiment object at 0x000001A7D4775F50>, estimator=RandomForestClassifier(bootstrap=True, ccp_alpha=0.0, class_weight=None,
                       criterion='gini', max_depth=None, max_features='sqrt',
                       max_leaf_nodes=None, max_samples=None,
                       min_impurity_decrease=0.0, min_samples_leaf=1,
                       min_samples_split=2, min_weight_fraction_leaf=0.0,
                       monotonic_cst=None, n_estimators=100, n_jobs=-1,
                       oob_score=False, random_state=42, verbose=0,
                       warm_start=False), fold=None, round=4, cross_validation=False, predict=False, fit_kwargs={}, groups=None, refit=True, probability_threshold=None, experiment_custom_tags=None, verbose=False, system=False, add_to_model_list=False, metrics=None, display=None, model_only=False, return_train_score=False, error_score=0.0, kwargs={})
2026-07-06 10:50:16,835:INFO:Checking exceptions
2026-07-06 10:50:16,835:INFO:Importing libraries
2026-07-06 10:50:16,835:INFO:Copying training dataset
2026-07-06 10:50:16,835:INFO:Defining folds
2026-07-06 10:50:16,835:INFO:Declaring metric variables
2026-07-06 10:50:16,835:INFO:Importing untrained model
2026-07-06 10:50:16,835:INFO:Declaring custom model
2026-07-06 10:50:16,835:INFO:Random Forest Classifier Imported successfully
2026-07-06 10:50:16,835:INFO:Cross validation set to False
2026-07-06 10:50:16,835:INFO:Fitting Model
2026-07-06 10:50:18,585:INFO:Pipeline(memory=Memory(location=None),
         steps=[('numerical_imputer',
                 TransformerWrapper(exclude=None, include=['HeartRate', 'HRV'],
                                    transformer=SimpleImputer(add_indicator=False,
                                                              copy=True,
                                                              fill_value=None,
                                                              keep_empty_features=False,
                                                              missing_values=nan,
                                                              strategy='mean'))),
                ('categorical_imputer',
                 TransformerWrapper(exclude=None, include=[],
                                    transformer=SimpleImpu...
                 RandomForestClassifier(bootstrap=True, ccp_alpha=0.0,
                                        class_weight=None, criterion='gini',
                                        max_depth=None, max_features='sqrt',
                                        max_leaf_nodes=None, max_samples=None,
                                        min_impurity_decrease=0.0,
                                        min_samples_leaf=1, min_samples_split=2,
                                        min_weight_fraction_leaf=0.0,
                                        monotonic_cst=None, n_estimators=100,
                                        n_jobs=-1, oob_score=False,
                                        random_state=42, verbose=0,
                                        warm_start=False))],
         verbose=False)
2026-07-06 10:50:18,585:INFO:create_model() successfully completed......................................
2026-07-06 10:50:18,652:INFO:_master_model_container: 14
2026-07-06 10:50:18,652:INFO:_display_container: 2
2026-07-06 10:50:18,668:INFO:Pipeline(memory=Memory(location=None),
         steps=[('numerical_imputer',
                 TransformerWrapper(exclude=None, include=['HeartRate', 'HRV'],
                                    transformer=SimpleImputer(add_indicator=False,
                                                              copy=True,
                                                              fill_value=None,
                                                              keep_empty_features=False,
                                                              missing_values=nan,
                                                              strategy='mean'))),
                ('categorical_imputer',
                 TransformerWrapper(exclude=None, include=[],
                                    transformer=SimpleImpu...
                 RandomForestClassifier(bootstrap=True, ccp_alpha=0.0,
                                        class_weight=None, criterion='gini',
                                        max_depth=None, max_features='sqrt',
                                        max_leaf_nodes=None, max_samples=None,
                                        min_impurity_decrease=0.0,
                                        min_samples_leaf=1, min_samples_split=2,
                                        min_weight_fraction_leaf=0.0,
                                        monotonic_cst=None, n_estimators=100,
                                        n_jobs=-1, oob_score=False,
                                        random_state=42, verbose=0,
                                        warm_start=False))],
         verbose=False)
2026-07-06 10:50:18,668:INFO:finalize_model() successfully completed......................................
2026-07-06 10:50:18,752:INFO:Initializing save_model()
2026-07-06 10:50:18,752:INFO:save_model(model=Pipeline(memory=Memory(location=None),
         steps=[('numerical_imputer',
                 TransformerWrapper(exclude=None, include=['HeartRate', 'HRV'],
                                    transformer=SimpleImputer(add_indicator=False,
                                                              copy=True,
                                                              fill_value=None,
                                                              keep_empty_features=False,
                                                              missing_values=nan,
                                                              strategy='mean'))),
                ('categorical_imputer',
                 TransformerWrapper(exclude=None, include=[],
                                    transformer=SimpleImpu...
                 RandomForestClassifier(bootstrap=True, ccp_alpha=0.0,
                                        class_weight=None, criterion='gini',
                                        max_depth=None, max_features='sqrt',
                                        max_leaf_nodes=None, max_samples=None,
                                        min_impurity_decrease=0.0,
                                        min_samples_leaf=1, min_samples_split=2,
                                        min_weight_fraction_leaf=0.0,
                                        monotonic_cst=None, n_estimators=100,
                                        n_jobs=-1, oob_score=False,
                                        random_state=42, verbose=0,
                                        warm_start=False))],
         verbose=False), model_name=C:\Users\43285092\Desktop\projet_stage_robot\edge_server\ai_engine\med\best_automl_med_model, prep_pipe_=Pipeline(memory=FastMemory(location=C:\Users\43285092\AppData\Local\Temp\joblib),
         steps=[('numerical_imputer',
                 TransformerWrapper(exclude=None, include=['HeartRate', 'HRV'],
                                    transformer=SimpleImputer(add_indicator=False,
                                                              copy=True,
                                                              fill_value=None,
                                                              keep_empty_features=False,
                                                              missing_values=nan,
                                                              strategy='mean'))),
                ('categorical_imputer',
                 TransformerWrapper(exclude=None, include=[],
                                    transformer=SimpleImputer(add_indicator=False,
                                                              copy=True,
                                                              fill_value=None,
                                                              keep_empty_features=False,
                                                              missing_values=nan,
                                                              strategy='most_frequent'))),
                ('balance',
                 TransformerWrapper(exclude=None, include=None,
                                    transformer=FixImbalancer(estimator=SMOTE(k_neighbors=5,
                                                                              random_state=42,
                                                                              sampling_strategy='auto'))))],
         verbose=False), verbose=True, use_case=MLUsecase.CLASSIFICATION, kwargs={})
2026-07-06 10:50:18,752:INFO:Adding model into prep_pipe
2026-07-06 10:50:18,752:WARNING:Only Model saved as it was a pipeline.
2026-07-06 10:50:18,869:INFO:C:\Users\43285092\Desktop\projet_stage_robot\edge_server\ai_engine\med\best_automl_med_model.pkl saved in current working directory
2026-07-06 10:50:18,869:INFO:Pipeline(memory=Memory(location=None),
         steps=[('numerical_imputer',
                 TransformerWrapper(exclude=None, include=['HeartRate', 'HRV'],
                                    transformer=SimpleImputer(add_indicator=False,
                                                              copy=True,
                                                              fill_value=None,
                                                              keep_empty_features=False,
                                                              missing_values=nan,
                                                              strategy='mean'))),
                ('categorical_imputer',
                 TransformerWrapper(exclude=None, include=[],
                                    transformer=SimpleImpu...
                 RandomForestClassifier(bootstrap=True, ccp_alpha=0.0,
                                        class_weight=None, criterion='gini',
                                        max_depth=None, max_features='sqrt',
                                        max_leaf_nodes=None, max_samples=None,
                                        min_impurity_decrease=0.0,
                                        min_samples_leaf=1, min_samples_split=2,
                                        min_weight_fraction_leaf=0.0,
                                        monotonic_cst=None, n_estimators=100,
                                        n_jobs=-1, oob_score=False,
                                        random_state=42, verbose=0,
                                        warm_start=False))],
         verbose=False)
2026-07-06 10:50:18,869:INFO:save_model() successfully completed......................................
2026-07-06 13:12:08,306:WARNING:
'cuml' is a soft dependency and not included in the pycaret installation. Please run: `pip install cuml` to install.
2026-07-06 13:12:08,306:WARNING:
'cuml' is a soft dependency and not included in the pycaret installation. Please run: `pip install cuml` to install.
2026-07-06 13:12:08,306:WARNING:
'cuml' is a soft dependency and not included in the pycaret installation. Please run: `pip install cuml` to install.
2026-07-06 13:12:08,306:WARNING:
'cuml' is a soft dependency and not included in the pycaret installation. Please run: `pip install cuml` to install.
2026-07-06 13:14:44,970:WARNING:
'cuml' is a soft dependency and not included in the pycaret installation. Please run: `pip install cuml` to install.
2026-07-06 13:14:44,970:WARNING:
'cuml' is a soft dependency and not included in the pycaret installation. Please run: `pip install cuml` to install.
2026-07-06 13:14:44,970:WARNING:
'cuml' is a soft dependency and not included in the pycaret installation. Please run: `pip install cuml` to install.
2026-07-06 13:14:44,970:WARNING:
'cuml' is a soft dependency and not included in the pycaret installation. Please run: `pip install cuml` to install.
2026-07-06 13:14:46,736:INFO:PyCaret ClassificationExperiment
2026-07-06 13:14:46,737:INFO:Logging name: clf-default-name
2026-07-06 13:14:46,737:INFO:ML Usecase: MLUsecase.CLASSIFICATION
2026-07-06 13:14:46,737:INFO:version 3.3.2
2026-07-06 13:14:46,737:INFO:Initializing setup()
2026-07-06 13:14:46,737:INFO:self.USI: b604
2026-07-06 13:14:46,737:INFO:self._variable_keys: {'html_param', 'target_param', 'idx', 'is_multiclass', 'gpu_n_jobs_param', 'X_test', 'y_test', 'X', 'seed', '_available_plots', 'y', 'exp_id', 'y_train', 'exp_name_log', 'log_plots_param', 'n_jobs_param', 'gpu_param', 'memory', 'fold_groups_param', '_ml_usecase', 'X_train', 'logging_param', 'fold_generator', 'data', 'fold_shuffle_param', 'USI', 'fix_imbalance', 'pipeline'}
2026-07-06 13:14:46,737:INFO:Checking environment
2026-07-06 13:14:46,737:INFO:python_version: 3.11.15
2026-07-06 13:14:46,737:INFO:python_build: ('main', 'Jun 11 2026 15:12:53')
2026-07-06 13:14:46,737:INFO:machine: AMD64
2026-07-06 13:14:46,738:INFO:platform: Windows-10-10.0.26200-SP0
2026-07-06 13:14:46,738:INFO:Memory: svmem(total=16880164864, available=6087593984, percent=63.9, used=10792570880, free=6087593984)
2026-07-06 13:14:46,738:INFO:Physical Core: 8
2026-07-06 13:14:46,738:INFO:Logical Core: 16
2026-07-06 13:14:46,738:INFO:Checking libraries
2026-07-06 13:14:46,738:INFO:System:
2026-07-06 13:14:46,738:INFO:    python: 3.11.15 | packaged by Anaconda, Inc. | (main, Jun 11 2026, 15:12:53) [MSC v.1942 64 bit (AMD64)]
2026-07-06 13:14:46,738:INFO:executable: C:\Users\43285092\.conda\envs\pycaret_env\python.exe
2026-07-06 13:14:46,738:INFO:   machine: Windows-10-10.0.26200-SP0
2026-07-06 13:14:46,738:INFO:PyCaret required dependencies:
2026-07-06 13:14:46,738:WARNING:C:\Users\43285092\.conda\envs\pycaret_env\Lib\site-packages\_distutils_hack\__init__.py:30: UserWarning: Setuptools is replacing distutils. Support for replacing an already imported distutils is deprecated. In the future, this condition will fail. Register concerns at https://github.com/pypa/setuptools/issues/new?template=distutils-deprecation.yml
  warnings.warn(

2026-07-06 13:14:46,790:INFO:                 pip: 26.1.2
2026-07-06 13:14:46,790:INFO:          setuptools: 82.0.1
2026-07-06 13:14:46,790:INFO:             pycaret: 3.3.2
2026-07-06 13:14:46,790:INFO:             IPython: 9.15.0
2026-07-06 13:14:46,790:INFO:          ipywidgets: 8.1.8
2026-07-06 13:14:46,790:INFO:                tqdm: 4.68.3
2026-07-06 13:14:46,790:INFO:               numpy: 1.26.4
2026-07-06 13:14:46,790:INFO:              pandas: 2.1.4
2026-07-06 13:14:46,790:INFO:              jinja2: 3.1.6
2026-07-06 13:14:46,790:INFO:               scipy: 1.11.4
2026-07-06 13:14:46,790:INFO:              joblib: 1.3.2
2026-07-06 13:14:46,790:INFO:             sklearn: 1.4.2
2026-07-06 13:14:46,792:INFO:                pyod: 3.4.0
2026-07-06 13:14:46,792:INFO:            imblearn: 0.14.2
2026-07-06 13:14:46,792:INFO:   category_encoders: 2.7.0
2026-07-06 13:14:46,792:INFO:            lightgbm: 4.6.0
2026-07-06 13:14:46,792:INFO:               numba: 0.62.1
2026-07-06 13:14:46,792:INFO:            requests: 2.34.2
2026-07-06 13:14:46,792:INFO:          matplotlib: 3.7.5
2026-07-06 13:14:46,792:INFO:          scikitplot: 0.3.7
2026-07-06 13:14:46,792:INFO:         yellowbrick: 1.5
2026-07-06 13:14:46,792:INFO:              plotly: 6.8.0
2026-07-06 13:14:46,792:INFO:    plotly-resampler: Not installed
2026-07-06 13:14:46,792:INFO:             kaleido: 1.3.0
2026-07-06 13:14:46,792:INFO:           schemdraw: 0.15
2026-07-06 13:14:46,792:INFO:         statsmodels: 0.14.6
2026-07-06 13:14:46,792:INFO:              sktime: 0.26.0
2026-07-06 13:14:46,792:INFO:               tbats: 1.1.3
2026-07-06 13:14:46,792:INFO:            pmdarima: 2.0.4
2026-07-06 13:14:46,792:INFO:              psutil: 7.2.2
2026-07-06 13:14:46,792:INFO:          markupsafe: 3.0.3
2026-07-06 13:14:46,792:INFO:             pickle5: Not installed
2026-07-06 13:14:46,792:INFO:         cloudpickle: 3.1.2
2026-07-06 13:14:46,792:INFO:         deprecation: 2.1.0
2026-07-06 13:14:46,792:INFO:              xxhash: 3.8.0
2026-07-06 13:14:46,792:INFO:           wurlitzer: Not installed
2026-07-06 13:14:46,792:INFO:PyCaret optional dependencies:
2026-07-06 13:14:47,923:INFO:                shap: 0.44.1
2026-07-06 13:14:47,923:INFO:           interpret: 0.6.9
2026-07-06 13:14:47,923:INFO:                umap: 0.5.7
2026-07-06 13:14:47,923:INFO:     ydata_profiling: 4.18.4
2026-07-06 13:14:47,923:INFO:  explainerdashboard: 0.5.8
2026-07-06 13:14:47,923:INFO:             autoviz: Not installed
2026-07-06 13:14:47,923:INFO:           fairlearn: 0.7.0
2026-07-06 13:14:47,923:INFO:          deepchecks: Not installed
2026-07-06 13:14:47,923:INFO:             xgboost: 3.2.0
2026-07-06 13:14:47,923:INFO:            catboost: Not installed
2026-07-06 13:14:47,923:INFO:              kmodes: Not installed
2026-07-06 13:14:47,923:INFO:             mlxtend: Not installed
2026-07-06 13:14:47,923:INFO:       statsforecast: Not installed
2026-07-06 13:14:47,923:INFO:        tune_sklearn: Not installed
2026-07-06 13:14:47,923:INFO:                 ray: Not installed
2026-07-06 13:14:47,923:INFO:            hyperopt: Not installed
2026-07-06 13:14:47,923:INFO:              optuna: Not installed
2026-07-06 13:14:47,923:INFO:               skopt: Not installed
2026-07-06 13:14:47,923:INFO:              mlflow: Not installed
2026-07-06 13:14:47,923:INFO:              gradio: Not installed
2026-07-06 13:14:47,923:INFO:             fastapi: Not installed
2026-07-06 13:14:47,923:INFO:             uvicorn: Not installed
2026-07-06 13:14:47,923:INFO:              m2cgen: Not installed
2026-07-06 13:14:47,923:INFO:           evidently: Not installed
2026-07-06 13:14:47,923:INFO:               fugue: Not installed
2026-07-06 13:14:47,923:INFO:           streamlit: Not installed
2026-07-06 13:14:47,923:INFO:             prophet: Not installed
2026-07-06 13:14:47,923:INFO:None
2026-07-06 13:14:47,923:INFO:Set up data.
2026-07-06 13:14:48,004:INFO:Set up folding strategy.
2026-07-06 13:14:48,004:INFO:Set up train/test split.
2026-07-06 13:14:48,272:INFO:Set up index.
2026-07-06 13:14:48,306:INFO:Assigning column types.
2026-07-06 13:14:48,371:INFO:Engine successfully changes for model 'lr' to 'sklearn'.
2026-07-06 13:14:48,420:INFO:Engine for model 'knn' has not been set explicitly, hence returning None.
2026-07-06 13:14:48,420:INFO:Engine for model 'rbfsvm' has not been set explicitly, hence returning None.
2026-07-06 13:14:48,454:INFO:Soft dependency imported: xgboost: 3.2.0
2026-07-06 13:14:48,454:WARNING:
'catboost' is a soft dependency and not included in the pycaret installation. Please run: `pip install catboost` to install.
Alternately, you can install this by running `pip install pycaret[models]`
2026-07-06 13:14:48,487:INFO:Engine for model 'knn' has not been set explicitly, hence returning None.
2026-07-06 13:14:48,487:INFO:Engine for model 'rbfsvm' has not been set explicitly, hence returning None.
2026-07-06 13:14:48,520:INFO:Soft dependency imported: xgboost: 3.2.0
2026-07-06 13:14:48,520:WARNING:
'catboost' is a soft dependency and not included in the pycaret installation. Please run: `pip install catboost` to install.
Alternately, you can install this by running `pip install pycaret[models]`
2026-07-06 13:14:48,520:INFO:Engine successfully changes for model 'knn' to 'sklearn'.
2026-07-06 13:14:48,570:INFO:Engine for model 'rbfsvm' has not been set explicitly, hence returning None.
2026-07-06 13:14:48,587:INFO:Soft dependency imported: xgboost: 3.2.0
2026-07-06 13:14:48,603:WARNING:
'catboost' is a soft dependency and not included in the pycaret installation. Please run: `pip install catboost` to install.
Alternately, you can install this by running `pip install pycaret[models]`
2026-07-06 13:14:48,637:INFO:Engine for model 'rbfsvm' has not been set explicitly, hence returning None.
2026-07-06 13:14:48,670:INFO:Soft dependency imported: xgboost: 3.2.0
2026-07-06 13:14:48,670:WARNING:
'catboost' is a soft dependency and not included in the pycaret installation. Please run: `pip install catboost` to install.
Alternately, you can install this by running `pip install pycaret[models]`
2026-07-06 13:14:48,670:INFO:Engine successfully changes for model 'rbfsvm' to 'sklearn'.
2026-07-06 13:14:48,737:INFO:Soft dependency imported: xgboost: 3.2.0
2026-07-06 13:14:48,737:WARNING:
'catboost' is a soft dependency and not included in the pycaret installation. Please run: `pip install catboost` to install.
Alternately, you can install this by running `pip install pycaret[models]`
2026-07-06 13:14:48,819:INFO:Soft dependency imported: xgboost: 3.2.0
2026-07-06 13:14:48,820:WARNING:
'catboost' is a soft dependency and not included in the pycaret installation. Please run: `pip install catboost` to install.
Alternately, you can install this by running `pip install pycaret[models]`
2026-07-06 13:14:48,820:INFO:Preparing preprocessing pipeline...
2026-07-06 13:14:48,838:INFO:Set up simple imputation.
2026-07-06 13:14:48,838:INFO:Set up imbalanced handling.
2026-07-06 13:14:49,105:INFO:Finished creating preprocessing pipeline.
2026-07-06 13:14:49,105:INFO:Pipeline: Pipeline(memory=FastMemory(location=C:\Users\43285092\AppData\Local\Temp\joblib),
         steps=[('numerical_imputer',
                 TransformerWrapper(exclude=None,
                                    include=['Temperature', 'Humidity',
                                             'Temp_Rate', 'Humidity_Rate',
                                             'Heat_Index'],
                                    transformer=SimpleImputer(add_indicator=False,
                                                              copy=True,
                                                              fill_value=None,
                                                              keep_empty_features=False,
                                                              missing_values=nan,
                                                              strategy='mean')...
                 TransformerWrapper(exclude=None, include=[],
                                    transformer=SimpleImputer(add_indicator=False,
                                                              copy=True,
                                                              fill_value=None,
                                                              keep_empty_features=False,
                                                              missing_values=nan,
                                                              strategy='most_frequent'))),
                ('balance',
                 TransformerWrapper(exclude=None, include=None,
                                    transformer=FixImbalancer(estimator=SMOTE(k_neighbors=5,
                                                                              random_state=42,
                                                                              sampling_strategy='auto'))))],
         verbose=False)
2026-07-06 13:14:49,105:INFO:Creating final display dataframe.
2026-07-06 13:14:53,037:INFO:Setup _display_container:                     Description             Value
0                    Session id                42
1                        Target             Label
2                   Target type        Multiclass
3           Original data shape       (905672, 6)
4        Transformed data shape      (2266042, 6)
5   Transformed train set shape      (2084907, 6)
6    Transformed test set shape       (181135, 6)
7              Numeric features                 5
8                    Preprocess              True
9               Imputation type            simple
10           Numeric imputation              mean
11       Categorical imputation              mode
12                Fix imbalance              True
13         Fix imbalance method             SMOTE
14               Fold Generator   StratifiedKFold
15                  Fold Number                10
16                     CPU Jobs                -1
17                      Use GPU             False
18               Log Experiment             False
19              Experiment Name  clf-default-name
20                          USI              b604
2026-07-06 13:14:53,087:INFO:Soft dependency imported: xgboost: 3.2.0
2026-07-06 13:14:53,102:WARNING:
'catboost' is a soft dependency and not included in the pycaret installation. Please run: `pip install catboost` to install.
Alternately, you can install this by running `pip install pycaret[models]`
2026-07-06 13:14:53,161:INFO:Soft dependency imported: xgboost: 3.2.0
2026-07-06 13:14:53,163:WARNING:
'catboost' is a soft dependency and not included in the pycaret installation. Please run: `pip install catboost` to install.
Alternately, you can install this by running `pip install pycaret[models]`
2026-07-06 13:14:53,164:INFO:setup() successfully completed in 6.44s...............
2026-07-06 13:14:53,164:INFO:Initializing compare_models()
2026-07-06 13:14:53,165:INFO:compare_models(self=<pycaret.classification.oop.ClassificationExperiment object at 0x000001A571214950>, include=None, exclude=['svm', 'gpc', 'rbfsvm', 'ridge'], fold=3, round=4, cross_validation=True, sort=F1, n_select=1, budget_time=15, turbo=True, errors=ignore, fit_kwargs=None, groups=None, experiment_custom_tags=None, probability_threshold=None, verbose=True, parallel=None, caller_params={'self': <pycaret.classification.oop.ClassificationExperiment object at 0x000001A571214950>, 'include': None, 'exclude': ['svm', 'gpc', 'rbfsvm', 'ridge'], 'fold': 3, 'round': 4, 'cross_validation': True, 'sort': 'F1', 'n_select': 1, 'budget_time': 15, 'turbo': True, 'errors': 'ignore', 'fit_kwargs': None, 'groups': None, 'experiment_custom_tags': None, 'probability_threshold': None, 'engine': None, 'verbose': True, 'parallel': None, '__class__': <class 'pycaret.classification.oop.ClassificationExperiment'>})
2026-07-06 13:14:53,165:INFO:Checking exceptions
2026-07-06 13:14:53,289:INFO:Preparing display monitor
2026-07-06 13:14:53,292:INFO:Time budget is 15 minutes
2026-07-06 13:14:53,292:INFO:Initializing Logistic Regression
2026-07-06 13:14:53,293:INFO:Total runtime is 0.0 minutes
2026-07-06 13:14:53,293:INFO:SubProcess create_model() called ==================================
2026-07-06 13:14:53,293:INFO:Initializing create_model()
2026-07-06 13:14:53,293:INFO:create_model(self=<pycaret.classification.oop.ClassificationExperiment object at 0x000001A571214950>, estimator=lr, fold=StratifiedKFold(n_splits=3, random_state=None, shuffle=False), round=4, cross_validation=True, predict=True, fit_kwargs={}, groups=None, refit=False, probability_threshold=None, experiment_custom_tags=None, verbose=False, system=False, add_to_model_list=True, metrics=None, display=<pycaret.internal.display.display.CommonDisplay object at 0x000001A57A706E90>, model_only=True, return_train_score=False, error_score=0.0, kwargs={})
2026-07-06 13:14:53,293:INFO:Checking exceptions
2026-07-06 13:14:53,293:INFO:Importing libraries
2026-07-06 13:14:53,293:INFO:Copying training dataset
2026-07-06 13:14:53,578:INFO:Defining folds
2026-07-06 13:14:53,578:INFO:Declaring metric variables
2026-07-06 13:14:53,578:INFO:Importing untrained model
2026-07-06 13:14:53,578:INFO:Logistic Regression Imported successfully
2026-07-06 13:14:53,578:INFO:Starting cross validation
2026-07-06 13:14:53,580:INFO:Cross validating with StratifiedKFold(n_splits=3, random_state=None, shuffle=False), n_jobs=-1
2026-07-06 13:14:55,906:WARNING:C:\Users\43285092\.conda\envs\pycaret_env\Lib\site-packages\_distutils_hack\__init__.py:30: UserWarning: Setuptools is replacing distutils. Support for replacing an already imported distutils is deprecated. In the future, this condition will fail. Register concerns at https://github.com/pypa/setuptools/issues/new?template=distutils-deprecation.yml
  warnings.warn(

2026-07-06 13:14:55,907:WARNING:C:\Users\43285092\.conda\envs\pycaret_env\Lib\site-packages\_distutils_hack\__init__.py:30: UserWarning: Setuptools is replacing distutils. Support for replacing an already imported distutils is deprecated. In the future, this condition will fail. Register concerns at https://github.com/pypa/setuptools/issues/new?template=distutils-deprecation.yml
  warnings.warn(

2026-07-06 13:14:55,914:WARNING:C:\Users\43285092\.conda\envs\pycaret_env\Lib\site-packages\_distutils_hack\__init__.py:30: UserWarning: Setuptools is replacing distutils. Support for replacing an already imported distutils is deprecated. In the future, this condition will fail. Register concerns at https://github.com/pypa/setuptools/issues/new?template=distutils-deprecation.yml
  warnings.warn(

2026-07-06 13:15:22,159:WARNING:C:\Users\43285092\.conda\envs\pycaret_env\Lib\site-packages\pycaret\internal\metrics.py:204: FitFailedWarning: Metric 'make_scorer(roc_auc_score, response_method=('decision_function', 'predict_proba'), average=weighted, multi_class=ovr)' failed and error score 0.0 has been returned instead. If this is a custom metric, this usually means that the error is in the metric code. Full exception below:
Traceback (most recent call last):
  File "C:\Users\43285092\.conda\envs\pycaret_env\Lib\site-packages\pycaret\internal\metrics.py", line 196, in _score
    return super()._score(
           ^^^^^^^^^^^^^^^
  File "C:\Users\43285092\.conda\envs\pycaret_env\Lib\site-packages\sklearn\metrics\_scorer.py", line 350, in _score
    return self._sign * self._score_func(y_true, y_pred, **scoring_kwargs)
                        ^^^^^^^^^^^^^^^^^^^^^^^^^^^^^^^^^^^^^^^^^^^^^^^^^^
  File "C:\Users\43285092\.conda\envs\pycaret_env\Lib\site-packages\pycaret\internal\metrics.py", line 144, in __call__
    return self.score_func(y_true, y_pred, **kwargs)
           ^^^^^^^^^^^^^^^^^^^^^^^^^^^^^^^^^^^^^^^^^
  File "C:\Users\43285092\.conda\envs\pycaret_env\Lib\site-packages\sklearn\utils\_param_validation.py", line 213, in wrapper
    return func(*args, **kwargs)
           ^^^^^^^^^^^^^^^^^^^^^
  File "C:\Users\43285092\.conda\envs\pycaret_env\Lib\site-packages\sklearn\metrics\_ranking.py", line 634, in roc_auc_score
    return _multiclass_roc_auc_score(
           ^^^^^^^^^^^^^^^^^^^^^^^^^^
  File "C:\Users\43285092\.conda\envs\pycaret_env\Lib\site-packages\sklearn\metrics\_ranking.py", line 707, in _multiclass_roc_auc_score
    raise ValueError(
ValueError: Target scores need to be probabilities for multiclass roc_auc, i.e. they should sum up to 1.0 over classes

  warnings.warn(

2026-07-06 13:15:30,009:WARNING:C:\Users\43285092\.conda\envs\pycaret_env\Lib\site-packages\pycaret\internal\metrics.py:204: FitFailedWarning: Metric 'make_scorer(roc_auc_score, response_method=('decision_function', 'predict_proba'), average=weighted, multi_class=ovr)' failed and error score 0.0 has been returned instead. If this is a custom metric, this usually means that the error is in the metric code. Full exception below:
Traceback (most recent call last):
  File "C:\Users\43285092\.conda\envs\pycaret_env\Lib\site-packages\pycaret\internal\metrics.py", line 196, in _score
    return super()._score(
           ^^^^^^^^^^^^^^^
  File "C:\Users\43285092\.conda\envs\pycaret_env\Lib\site-packages\sklearn\metrics\_scorer.py", line 350, in _score
    return self._sign * self._score_func(y_true, y_pred, **scoring_kwargs)
                        ^^^^^^^^^^^^^^^^^^^^^^^^^^^^^^^^^^^^^^^^^^^^^^^^^^
  File "C:\Users\43285092\.conda\envs\pycaret_env\Lib\site-packages\pycaret\internal\metrics.py", line 144, in __call__
    return self.score_func(y_true, y_pred, **kwargs)
           ^^^^^^^^^^^^^^^^^^^^^^^^^^^^^^^^^^^^^^^^^
  File "C:\Users\43285092\.conda\envs\pycaret_env\Lib\site-packages\sklearn\utils\_param_validation.py", line 213, in wrapper
    return func(*args, **kwargs)
           ^^^^^^^^^^^^^^^^^^^^^
  File "C:\Users\43285092\.conda\envs\pycaret_env\Lib\site-packages\sklearn\metrics\_ranking.py", line 634, in roc_auc_score
    return _multiclass_roc_auc_score(
           ^^^^^^^^^^^^^^^^^^^^^^^^^^
  File "C:\Users\43285092\.conda\envs\pycaret_env\Lib\site-packages\sklearn\metrics\_ranking.py", line 707, in _multiclass_roc_auc_score
    raise ValueError(
ValueError: Target scores need to be probabilities for multiclass roc_auc, i.e. they should sum up to 1.0 over classes

  warnings.warn(

2026-07-06 13:15:37,730:WARNING:C:\Users\43285092\.conda\envs\pycaret_env\Lib\site-packages\pycaret\internal\metrics.py:204: FitFailedWarning: Metric 'make_scorer(roc_auc_score, response_method=('decision_function', 'predict_proba'), average=weighted, multi_class=ovr)' failed and error score 0.0 has been returned instead. If this is a custom metric, this usually means that the error is in the metric code. Full exception below:
Traceback (most recent call last):
  File "C:\Users\43285092\.conda\envs\pycaret_env\Lib\site-packages\pycaret\internal\metrics.py", line 196, in _score
    return super()._score(
           ^^^^^^^^^^^^^^^
  File "C:\Users\43285092\.conda\envs\pycaret_env\Lib\site-packages\sklearn\metrics\_scorer.py", line 350, in _score
    return self._sign * self._score_func(y_true, y_pred, **scoring_kwargs)
                        ^^^^^^^^^^^^^^^^^^^^^^^^^^^^^^^^^^^^^^^^^^^^^^^^^^
  File "C:\Users\43285092\.conda\envs\pycaret_env\Lib\site-packages\pycaret\internal\metrics.py", line 144, in __call__
    return self.score_func(y_true, y_pred, **kwargs)
           ^^^^^^^^^^^^^^^^^^^^^^^^^^^^^^^^^^^^^^^^^
  File "C:\Users\43285092\.conda\envs\pycaret_env\Lib\site-packages\sklearn\utils\_param_validation.py", line 213, in wrapper
    return func(*args, **kwargs)
           ^^^^^^^^^^^^^^^^^^^^^
  File "C:\Users\43285092\.conda\envs\pycaret_env\Lib\site-packages\sklearn\metrics\_ranking.py", line 634, in roc_auc_score
    return _multiclass_roc_auc_score(
           ^^^^^^^^^^^^^^^^^^^^^^^^^^
  File "C:\Users\43285092\.conda\envs\pycaret_env\Lib\site-packages\sklearn\metrics\_ranking.py", line 707, in _multiclass_roc_auc_score
    raise ValueError(
ValueError: Target scores need to be probabilities for multiclass roc_auc, i.e. they should sum up to 1.0 over classes

  warnings.warn(

2026-07-06 13:15:37,976:INFO:Calculating mean and std
2026-07-06 13:15:37,976:INFO:Creating metrics dataframe
2026-07-06 13:15:37,976:INFO:Uploading results into container
2026-07-06 13:15:37,976:INFO:Uploading model into container now
2026-07-06 13:15:37,976:INFO:_master_model_container: 1
2026-07-06 13:15:37,976:INFO:_display_container: 2
2026-07-06 13:15:37,976:INFO:LogisticRegression(C=1.0, class_weight=None, dual=False, fit_intercept=True,
                   intercept_scaling=1, l1_ratio=None, max_iter=1000,
                   multi_class='auto', n_jobs=None, penalty='l2',
                   random_state=42, solver='lbfgs', tol=0.0001, verbose=0,
                   warm_start=False)
2026-07-06 13:15:37,976:INFO:create_model() successfully completed......................................
2026-07-06 13:15:38,104:INFO:SubProcess create_model() end ==================================
2026-07-06 13:15:38,104:INFO:Creating metrics dataframe
2026-07-06 13:15:38,104:INFO:Initializing K Neighbors Classifier
2026-07-06 13:15:38,104:INFO:Total runtime is 0.7468748132387797 minutes
2026-07-06 13:15:38,104:INFO:SubProcess create_model() called ==================================
2026-07-06 13:15:38,104:INFO:Initializing create_model()
2026-07-06 13:15:38,104:INFO:create_model(self=<pycaret.classification.oop.ClassificationExperiment object at 0x000001A571214950>, estimator=knn, fold=StratifiedKFold(n_splits=3, random_state=None, shuffle=False), round=4, cross_validation=True, predict=True, fit_kwargs={}, groups=None, refit=False, probability_threshold=None, experiment_custom_tags=None, verbose=False, system=False, add_to_model_list=True, metrics=None, display=<pycaret.internal.display.display.CommonDisplay object at 0x000001A57A706E90>, model_only=True, return_train_score=False, error_score=0.0, kwargs={})
2026-07-06 13:15:38,104:INFO:Checking exceptions
2026-07-06 13:15:38,104:INFO:Importing libraries
2026-07-06 13:15:38,104:INFO:Copying training dataset
2026-07-06 13:15:38,338:INFO:Defining folds
2026-07-06 13:15:38,338:INFO:Declaring metric variables
2026-07-06 13:15:38,338:INFO:Importing untrained model
2026-07-06 13:15:38,338:INFO:K Neighbors Classifier Imported successfully
2026-07-06 13:15:38,338:INFO:Starting cross validation
2026-07-06 13:15:38,338:INFO:Cross validating with StratifiedKFold(n_splits=3, random_state=None, shuffle=False), n_jobs=-1
2026-07-06 13:15:40,021:WARNING:C:\Users\43285092\.conda\envs\pycaret_env\Lib\site-packages\_distutils_hack\__init__.py:30: UserWarning: Setuptools is replacing distutils. Support for replacing an already imported distutils is deprecated. In the future, this condition will fail. Register concerns at https://github.com/pypa/setuptools/issues/new?template=distutils-deprecation.yml
  warnings.warn(

2026-07-06 13:15:40,021:WARNING:C:\Users\43285092\.conda\envs\pycaret_env\Lib\site-packages\_distutils_hack\__init__.py:30: UserWarning: Setuptools is replacing distutils. Support for replacing an already imported distutils is deprecated. In the future, this condition will fail. Register concerns at https://github.com/pypa/setuptools/issues/new?template=distutils-deprecation.yml
  warnings.warn(

2026-07-06 13:15:40,021:WARNING:C:\Users\43285092\.conda\envs\pycaret_env\Lib\site-packages\_distutils_hack\__init__.py:30: UserWarning: Setuptools is replacing distutils. Support for replacing an already imported distutils is deprecated. In the future, this condition will fail. Register concerns at https://github.com/pypa/setuptools/issues/new?template=distutils-deprecation.yml
  warnings.warn(

2026-07-06 13:16:31,047:INFO:Calculating mean and std
2026-07-06 13:16:31,047:INFO:Creating metrics dataframe
2026-07-06 13:16:31,047:INFO:Uploading results into container
2026-07-06 13:16:31,047:INFO:Uploading model into container now
2026-07-06 13:16:31,047:INFO:_master_model_container: 2
2026-07-06 13:16:31,052:INFO:_display_container: 2
2026-07-06 13:16:31,052:INFO:KNeighborsClassifier(algorithm='auto', leaf_size=30, metric='minkowski',
                     metric_params=None, n_jobs=-1, n_neighbors=5, p=2,
                     weights='uniform')
2026-07-06 13:16:31,052:INFO:create_model() successfully completed......................................
2026-07-06 13:16:31,136:INFO:SubProcess create_model() end ==================================
2026-07-06 13:16:31,136:INFO:Creating metrics dataframe
2026-07-06 13:16:31,137:INFO:Initializing Naive Bayes
2026-07-06 13:16:31,137:INFO:Total runtime is 1.6307632843653361 minutes
2026-07-06 13:16:31,137:INFO:SubProcess create_model() called ==================================
2026-07-06 13:16:31,137:INFO:Initializing create_model()
2026-07-06 13:16:31,137:INFO:create_model(self=<pycaret.classification.oop.ClassificationExperiment object at 0x000001A571214950>, estimator=nb, fold=StratifiedKFold(n_splits=3, random_state=None, shuffle=False), round=4, cross_validation=True, predict=True, fit_kwargs={}, groups=None, refit=False, probability_threshold=None, experiment_custom_tags=None, verbose=False, system=False, add_to_model_list=True, metrics=None, display=<pycaret.internal.display.display.CommonDisplay object at 0x000001A57A706E90>, model_only=True, return_train_score=False, error_score=0.0, kwargs={})
2026-07-06 13:16:31,137:INFO:Checking exceptions
2026-07-06 13:16:31,137:INFO:Importing libraries
2026-07-06 13:16:31,137:INFO:Copying training dataset
2026-07-06 13:16:31,371:INFO:Defining folds
2026-07-06 13:16:31,371:INFO:Declaring metric variables
2026-07-06 13:16:31,371:INFO:Importing untrained model
2026-07-06 13:16:31,371:INFO:Naive Bayes Imported successfully
2026-07-06 13:16:31,371:INFO:Starting cross validation
2026-07-06 13:16:31,371:INFO:Cross validating with StratifiedKFold(n_splits=3, random_state=None, shuffle=False), n_jobs=-1
2026-07-06 13:16:33,073:WARNING:C:\Users\43285092\.conda\envs\pycaret_env\Lib\site-packages\_distutils_hack\__init__.py:30: UserWarning: Setuptools is replacing distutils. Support for replacing an already imported distutils is deprecated. In the future, this condition will fail. Register concerns at https://github.com/pypa/setuptools/issues/new?template=distutils-deprecation.yml
  warnings.warn(

2026-07-06 13:16:33,076:WARNING:C:\Users\43285092\.conda\envs\pycaret_env\Lib\site-packages\_distutils_hack\__init__.py:30: UserWarning: Setuptools is replacing distutils. Support for replacing an already imported distutils is deprecated. In the future, this condition will fail. Register concerns at https://github.com/pypa/setuptools/issues/new?template=distutils-deprecation.yml
  warnings.warn(

2026-07-06 13:16:33,076:WARNING:C:\Users\43285092\.conda\envs\pycaret_env\Lib\site-packages\_distutils_hack\__init__.py:30: UserWarning: Setuptools is replacing distutils. Support for replacing an already imported distutils is deprecated. In the future, this condition will fail. Register concerns at https://github.com/pypa/setuptools/issues/new?template=distutils-deprecation.yml
  warnings.warn(

2026-07-06 13:16:35,438:INFO:Calculating mean and std
2026-07-06 13:16:35,438:INFO:Creating metrics dataframe
2026-07-06 13:16:35,446:INFO:Uploading results into container
2026-07-06 13:16:35,446:INFO:Uploading model into container now
2026-07-06 13:16:35,448:INFO:_master_model_container: 3
2026-07-06 13:16:35,448:INFO:_display_container: 2
2026-07-06 13:16:35,448:INFO:GaussianNB(priors=None, var_smoothing=1e-09)
2026-07-06 13:16:35,450:INFO:create_model() successfully completed......................................
2026-07-06 13:16:35,571:INFO:SubProcess create_model() end ==================================
2026-07-06 13:16:35,571:INFO:Creating metrics dataframe
2026-07-06 13:16:35,571:INFO:Initializing Decision Tree Classifier
2026-07-06 13:16:35,571:INFO:Total runtime is 1.7046494285265605 minutes
2026-07-06 13:16:35,571:INFO:SubProcess create_model() called ==================================
2026-07-06 13:16:35,571:INFO:Initializing create_model()
2026-07-06 13:16:35,571:INFO:create_model(self=<pycaret.classification.oop.ClassificationExperiment object at 0x000001A571214950>, estimator=dt, fold=StratifiedKFold(n_splits=3, random_state=None, shuffle=False), round=4, cross_validation=True, predict=True, fit_kwargs={}, groups=None, refit=False, probability_threshold=None, experiment_custom_tags=None, verbose=False, system=False, add_to_model_list=True, metrics=None, display=<pycaret.internal.display.display.CommonDisplay object at 0x000001A57A706E90>, model_only=True, return_train_score=False, error_score=0.0, kwargs={})
2026-07-06 13:16:35,571:INFO:Checking exceptions
2026-07-06 13:16:35,571:INFO:Importing libraries
2026-07-06 13:16:35,571:INFO:Copying training dataset
2026-07-06 13:16:35,804:INFO:Defining folds
2026-07-06 13:16:35,804:INFO:Declaring metric variables
2026-07-06 13:16:35,804:INFO:Importing untrained model
2026-07-06 13:16:35,804:INFO:Decision Tree Classifier Imported successfully
2026-07-06 13:16:35,804:INFO:Starting cross validation
2026-07-06 13:16:35,815:INFO:Cross validating with StratifiedKFold(n_splits=3, random_state=None, shuffle=False), n_jobs=-1
2026-07-06 13:16:37,470:WARNING:C:\Users\43285092\.conda\envs\pycaret_env\Lib\site-packages\_distutils_hack\__init__.py:30: UserWarning: Setuptools is replacing distutils. Support for replacing an already imported distutils is deprecated. In the future, this condition will fail. Register concerns at https://github.com/pypa/setuptools/issues/new?template=distutils-deprecation.yml
  warnings.warn(

2026-07-06 13:16:37,476:WARNING:C:\Users\43285092\.conda\envs\pycaret_env\Lib\site-packages\_distutils_hack\__init__.py:30: UserWarning: Setuptools is replacing distutils. Support for replacing an already imported distutils is deprecated. In the future, this condition will fail. Register concerns at https://github.com/pypa/setuptools/issues/new?template=distutils-deprecation.yml
  warnings.warn(

2026-07-06 13:16:37,476:WARNING:C:\Users\43285092\.conda\envs\pycaret_env\Lib\site-packages\_distutils_hack\__init__.py:30: UserWarning: Setuptools is replacing distutils. Support for replacing an already imported distutils is deprecated. In the future, this condition will fail. Register concerns at https://github.com/pypa/setuptools/issues/new?template=distutils-deprecation.yml
  warnings.warn(

2026-07-06 13:16:46,317:INFO:Calculating mean and std
2026-07-06 13:16:46,319:INFO:Creating metrics dataframe
2026-07-06 13:16:46,320:INFO:Uploading results into container
2026-07-06 13:16:46,321:INFO:Uploading model into container now
2026-07-06 13:16:46,321:INFO:_master_model_container: 4
2026-07-06 13:16:46,321:INFO:_display_container: 2
2026-07-06 13:16:46,321:INFO:DecisionTreeClassifier(ccp_alpha=0.0, class_weight=None, criterion='gini',
                       max_depth=None, max_features=None, max_leaf_nodes=None,
                       min_impurity_decrease=0.0, min_samples_leaf=1,
                       min_samples_split=2, min_weight_fraction_leaf=0.0,
                       monotonic_cst=None, random_state=42, splitter='best')
2026-07-06 13:16:46,321:INFO:create_model() successfully completed......................................
2026-07-06 13:16:46,404:INFO:SubProcess create_model() end ==================================
2026-07-06 13:16:46,404:INFO:Creating metrics dataframe
2026-07-06 13:16:46,404:INFO:Initializing Random Forest Classifier
2026-07-06 13:16:46,404:INFO:Total runtime is 1.8852057417233785 minutes
2026-07-06 13:16:46,404:INFO:SubProcess create_model() called ==================================
2026-07-06 13:16:46,404:INFO:Initializing create_model()
2026-07-06 13:16:46,404:INFO:create_model(self=<pycaret.classification.oop.ClassificationExperiment object at 0x000001A571214950>, estimator=rf, fold=StratifiedKFold(n_splits=3, random_state=None, shuffle=False), round=4, cross_validation=True, predict=True, fit_kwargs={}, groups=None, refit=False, probability_threshold=None, experiment_custom_tags=None, verbose=False, system=False, add_to_model_list=True, metrics=None, display=<pycaret.internal.display.display.CommonDisplay object at 0x000001A57A706E90>, model_only=True, return_train_score=False, error_score=0.0, kwargs={})
2026-07-06 13:16:46,404:INFO:Checking exceptions
2026-07-06 13:16:46,404:INFO:Importing libraries
2026-07-06 13:16:46,404:INFO:Copying training dataset
2026-07-06 13:16:46,637:INFO:Defining folds
2026-07-06 13:16:46,637:INFO:Declaring metric variables
2026-07-06 13:16:46,637:INFO:Importing untrained model
2026-07-06 13:16:46,637:INFO:Random Forest Classifier Imported successfully
2026-07-06 13:16:46,637:INFO:Starting cross validation
2026-07-06 13:16:46,652:INFO:Cross validating with StratifiedKFold(n_splits=3, random_state=None, shuffle=False), n_jobs=-1
2026-07-06 13:16:48,320:WARNING:C:\Users\43285092\.conda\envs\pycaret_env\Lib\site-packages\_distutils_hack\__init__.py:30: UserWarning: Setuptools is replacing distutils. Support for replacing an already imported distutils is deprecated. In the future, this condition will fail. Register concerns at https://github.com/pypa/setuptools/issues/new?template=distutils-deprecation.yml
  warnings.warn(

2026-07-06 13:16:48,320:WARNING:C:\Users\43285092\.conda\envs\pycaret_env\Lib\site-packages\_distutils_hack\__init__.py:30: UserWarning: Setuptools is replacing distutils. Support for replacing an already imported distutils is deprecated. In the future, this condition will fail. Register concerns at https://github.com/pypa/setuptools/issues/new?template=distutils-deprecation.yml
  warnings.warn(

2026-07-06 13:16:48,320:WARNING:C:\Users\43285092\.conda\envs\pycaret_env\Lib\site-packages\_distutils_hack\__init__.py:30: UserWarning: Setuptools is replacing distutils. Support for replacing an already imported distutils is deprecated. In the future, this condition will fail. Register concerns at https://github.com/pypa/setuptools/issues/new?template=distutils-deprecation.yml
  warnings.warn(

2026-07-06 13:19:58,910:INFO:Calculating mean and std
2026-07-06 13:19:58,911:INFO:Creating metrics dataframe
2026-07-06 13:19:58,915:INFO:Uploading results into container
2026-07-06 13:19:58,917:INFO:Uploading model into container now
2026-07-06 13:19:58,918:INFO:_master_model_container: 5
2026-07-06 13:19:58,918:INFO:_display_container: 2
2026-07-06 13:19:58,919:INFO:RandomForestClassifier(bootstrap=True, ccp_alpha=0.0, class_weight=None,
                       criterion='gini', max_depth=None, max_features='sqrt',
                       max_leaf_nodes=None, max_samples=None,
                       min_impurity_decrease=0.0, min_samples_leaf=1,
                       min_samples_split=2, min_weight_fraction_leaf=0.0,
                       monotonic_cst=None, n_estimators=100, n_jobs=-1,
                       oob_score=False, random_state=42, verbose=0,
                       warm_start=False)
2026-07-06 13:19:58,919:INFO:create_model() successfully completed......................................
2026-07-06 13:19:59,020:INFO:SubProcess create_model() end ==================================
2026-07-06 13:19:59,020:INFO:Creating metrics dataframe
2026-07-06 13:19:59,020:INFO:Initializing Quadratic Discriminant Analysis
2026-07-06 13:19:59,020:INFO:Total runtime is 5.095474680264791 minutes
2026-07-06 13:19:59,020:INFO:SubProcess create_model() called ==================================
2026-07-06 13:19:59,020:INFO:Initializing create_model()
2026-07-06 13:19:59,020:INFO:create_model(self=<pycaret.classification.oop.ClassificationExperiment object at 0x000001A571214950>, estimator=qda, fold=StratifiedKFold(n_splits=3, random_state=None, shuffle=False), round=4, cross_validation=True, predict=True, fit_kwargs={}, groups=None, refit=False, probability_threshold=None, experiment_custom_tags=None, verbose=False, system=False, add_to_model_list=True, metrics=None, display=<pycaret.internal.display.display.CommonDisplay object at 0x000001A57A706E90>, model_only=True, return_train_score=False, error_score=0.0, kwargs={})
2026-07-06 13:19:59,020:INFO:Checking exceptions
2026-07-06 13:19:59,020:INFO:Importing libraries
2026-07-06 13:19:59,020:INFO:Copying training dataset
2026-07-06 13:19:59,270:INFO:Defining folds
2026-07-06 13:19:59,270:INFO:Declaring metric variables
2026-07-06 13:19:59,270:INFO:Importing untrained model
2026-07-06 13:19:59,270:INFO:Quadratic Discriminant Analysis Imported successfully
2026-07-06 13:19:59,270:INFO:Starting cross validation
2026-07-06 13:19:59,270:INFO:Cross validating with StratifiedKFold(n_splits=3, random_state=None, shuffle=False), n_jobs=-1
2026-07-06 13:20:01,843:WARNING:C:\Users\43285092\.conda\envs\pycaret_env\Lib\site-packages\pycaret\internal\metrics.py:204: FitFailedWarning: Metric 'make_scorer(roc_auc_score, response_method=('decision_function', 'predict_proba'), average=weighted, multi_class=ovr)' failed and error score 0.0 has been returned instead. If this is a custom metric, this usually means that the error is in the metric code. Full exception below:
Traceback (most recent call last):
  File "C:\Users\43285092\.conda\envs\pycaret_env\Lib\site-packages\pycaret\internal\metrics.py", line 196, in _score
    return super()._score(
           ^^^^^^^^^^^^^^^
  File "C:\Users\43285092\.conda\envs\pycaret_env\Lib\site-packages\sklearn\metrics\_scorer.py", line 350, in _score
    return self._sign * self._score_func(y_true, y_pred, **scoring_kwargs)
                        ^^^^^^^^^^^^^^^^^^^^^^^^^^^^^^^^^^^^^^^^^^^^^^^^^^
  File "C:\Users\43285092\.conda\envs\pycaret_env\Lib\site-packages\pycaret\internal\metrics.py", line 144, in __call__
    return self.score_func(y_true, y_pred, **kwargs)
           ^^^^^^^^^^^^^^^^^^^^^^^^^^^^^^^^^^^^^^^^^
  File "C:\Users\43285092\.conda\envs\pycaret_env\Lib\site-packages\sklearn\utils\_param_validation.py", line 213, in wrapper
    return func(*args, **kwargs)
           ^^^^^^^^^^^^^^^^^^^^^
  File "C:\Users\43285092\.conda\envs\pycaret_env\Lib\site-packages\sklearn\metrics\_ranking.py", line 634, in roc_auc_score
    return _multiclass_roc_auc_score(
           ^^^^^^^^^^^^^^^^^^^^^^^^^^
  File "C:\Users\43285092\.conda\envs\pycaret_env\Lib\site-packages\sklearn\metrics\_ranking.py", line 707, in _multiclass_roc_auc_score
    raise ValueError(
ValueError: Target scores need to be probabilities for multiclass roc_auc, i.e. they should sum up to 1.0 over classes

  warnings.warn(

2026-07-06 13:20:01,872:WARNING:C:\Users\43285092\.conda\envs\pycaret_env\Lib\site-packages\pycaret\internal\metrics.py:204: FitFailedWarning: Metric 'make_scorer(roc_auc_score, response_method=('decision_function', 'predict_proba'), average=weighted, multi_class=ovr)' failed and error score 0.0 has been returned instead. If this is a custom metric, this usually means that the error is in the metric code. Full exception below:
Traceback (most recent call last):
  File "C:\Users\43285092\.conda\envs\pycaret_env\Lib\site-packages\pycaret\internal\metrics.py", line 196, in _score
    return super()._score(
           ^^^^^^^^^^^^^^^
  File "C:\Users\43285092\.conda\envs\pycaret_env\Lib\site-packages\sklearn\metrics\_scorer.py", line 350, in _score
    return self._sign * self._score_func(y_true, y_pred, **scoring_kwargs)
                        ^^^^^^^^^^^^^^^^^^^^^^^^^^^^^^^^^^^^^^^^^^^^^^^^^^
  File "C:\Users\43285092\.conda\envs\pycaret_env\Lib\site-packages\pycaret\internal\metrics.py", line 144, in __call__
    return self.score_func(y_true, y_pred, **kwargs)
           ^^^^^^^^^^^^^^^^^^^^^^^^^^^^^^^^^^^^^^^^^
  File "C:\Users\43285092\.conda\envs\pycaret_env\Lib\site-packages\sklearn\utils\_param_validation.py", line 213, in wrapper
    return func(*args, **kwargs)
           ^^^^^^^^^^^^^^^^^^^^^
  File "C:\Users\43285092\.conda\envs\pycaret_env\Lib\site-packages\sklearn\metrics\_ranking.py", line 634, in roc_auc_score
    return _multiclass_roc_auc_score(
           ^^^^^^^^^^^^^^^^^^^^^^^^^^
  File "C:\Users\43285092\.conda\envs\pycaret_env\Lib\site-packages\sklearn\metrics\_ranking.py", line 707, in _multiclass_roc_auc_score
    raise ValueError(
ValueError: Target scores need to be probabilities for multiclass roc_auc, i.e. they should sum up to 1.0 over classes

  warnings.warn(

2026-07-06 13:20:02,135:INFO:Calculating mean and std
2026-07-06 13:20:02,136:INFO:Creating metrics dataframe
2026-07-06 13:20:02,136:INFO:Uploading results into container
2026-07-06 13:20:02,136:INFO:Uploading model into container now
2026-07-06 13:20:02,136:INFO:_master_model_container: 6
2026-07-06 13:20:02,136:INFO:_display_container: 2
2026-07-06 13:20:02,136:INFO:QuadraticDiscriminantAnalysis(priors=None, reg_param=0.0,
                              store_covariance=False, tol=0.0001)
2026-07-06 13:20:02,136:INFO:create_model() successfully completed......................................
2026-07-06 13:20:02,235:INFO:SubProcess create_model() end ==================================
2026-07-06 13:20:02,235:INFO:Creating metrics dataframe
2026-07-06 13:20:02,237:INFO:Initializing Ada Boost Classifier
2026-07-06 13:20:02,237:INFO:Total runtime is 5.149094148476919 minutes
2026-07-06 13:20:02,237:INFO:SubProcess create_model() called ==================================
2026-07-06 13:20:02,237:INFO:Initializing create_model()
2026-07-06 13:20:02,237:INFO:create_model(self=<pycaret.classification.oop.ClassificationExperiment object at 0x000001A571214950>, estimator=ada, fold=StratifiedKFold(n_splits=3, random_state=None, shuffle=False), round=4, cross_validation=True, predict=True, fit_kwargs={}, groups=None, refit=False, probability_threshold=None, experiment_custom_tags=None, verbose=False, system=False, add_to_model_list=True, metrics=None, display=<pycaret.internal.display.display.CommonDisplay object at 0x000001A57A706E90>, model_only=True, return_train_score=False, error_score=0.0, kwargs={})
2026-07-06 13:20:02,237:INFO:Checking exceptions
2026-07-06 13:20:02,237:INFO:Importing libraries
2026-07-06 13:20:02,237:INFO:Copying training dataset
2026-07-06 13:20:02,520:INFO:Defining folds
2026-07-06 13:20:02,520:INFO:Declaring metric variables
2026-07-06 13:20:02,520:INFO:Importing untrained model
2026-07-06 13:20:02,535:INFO:Ada Boost Classifier Imported successfully
2026-07-06 13:20:02,535:INFO:Starting cross validation
2026-07-06 13:20:02,536:INFO:Cross validating with StratifiedKFold(n_splits=3, random_state=None, shuffle=False), n_jobs=-1
2026-07-06 13:20:04,205:WARNING:C:\Users\43285092\.conda\envs\pycaret_env\Lib\site-packages\sklearn\ensemble\_weight_boosting.py:519: FutureWarning: The SAMME.R algorithm (the default) is deprecated and will be removed in 1.6. Use the SAMME algorithm to circumvent this warning.
  warnings.warn(

2026-07-06 13:20:04,207:WARNING:C:\Users\43285092\.conda\envs\pycaret_env\Lib\site-packages\sklearn\ensemble\_weight_boosting.py:519: FutureWarning: The SAMME.R algorithm (the default) is deprecated and will be removed in 1.6. Use the SAMME algorithm to circumvent this warning.
  warnings.warn(

2026-07-06 13:20:04,217:WARNING:C:\Users\43285092\.conda\envs\pycaret_env\Lib\site-packages\sklearn\ensemble\_weight_boosting.py:519: FutureWarning: The SAMME.R algorithm (the default) is deprecated and will be removed in 1.6. Use the SAMME algorithm to circumvent this warning.
  warnings.warn(

2026-07-06 13:21:37,865:WARNING:C:\Users\43285092\.conda\envs\pycaret_env\Lib\site-packages\pycaret\internal\metrics.py:204: FitFailedWarning: Metric 'make_scorer(roc_auc_score, response_method=('decision_function', 'predict_proba'), average=weighted, multi_class=ovr)' failed and error score 0.0 has been returned instead. If this is a custom metric, this usually means that the error is in the metric code. Full exception below:
Traceback (most recent call last):
  File "C:\Users\43285092\.conda\envs\pycaret_env\Lib\site-packages\pycaret\internal\metrics.py", line 196, in _score
    return super()._score(
           ^^^^^^^^^^^^^^^
  File "C:\Users\43285092\.conda\envs\pycaret_env\Lib\site-packages\sklearn\metrics\_scorer.py", line 350, in _score
    return self._sign * self._score_func(y_true, y_pred, **scoring_kwargs)
                        ^^^^^^^^^^^^^^^^^^^^^^^^^^^^^^^^^^^^^^^^^^^^^^^^^^
  File "C:\Users\43285092\.conda\envs\pycaret_env\Lib\site-packages\pycaret\internal\metrics.py", line 144, in __call__
    return self.score_func(y_true, y_pred, **kwargs)
           ^^^^^^^^^^^^^^^^^^^^^^^^^^^^^^^^^^^^^^^^^
  File "C:\Users\43285092\.conda\envs\pycaret_env\Lib\site-packages\sklearn\utils\_param_validation.py", line 213, in wrapper
    return func(*args, **kwargs)
           ^^^^^^^^^^^^^^^^^^^^^
  File "C:\Users\43285092\.conda\envs\pycaret_env\Lib\site-packages\sklearn\metrics\_ranking.py", line 634, in roc_auc_score
    return _multiclass_roc_auc_score(
           ^^^^^^^^^^^^^^^^^^^^^^^^^^
  File "C:\Users\43285092\.conda\envs\pycaret_env\Lib\site-packages\sklearn\metrics\_ranking.py", line 707, in _multiclass_roc_auc_score
    raise ValueError(
ValueError: Target scores need to be probabilities for multiclass roc_auc, i.e. they should sum up to 1.0 over classes

  warnings.warn(

2026-07-06 13:21:38,674:WARNING:C:\Users\43285092\.conda\envs\pycaret_env\Lib\site-packages\pycaret\internal\metrics.py:204: FitFailedWarning: Metric 'make_scorer(roc_auc_score, response_method=('decision_function', 'predict_proba'), average=weighted, multi_class=ovr)' failed and error score 0.0 has been returned instead. If this is a custom metric, this usually means that the error is in the metric code. Full exception below:
Traceback (most recent call last):
  File "C:\Users\43285092\.conda\envs\pycaret_env\Lib\site-packages\pycaret\internal\metrics.py", line 196, in _score
    return super()._score(
           ^^^^^^^^^^^^^^^
  File "C:\Users\43285092\.conda\envs\pycaret_env\Lib\site-packages\sklearn\metrics\_scorer.py", line 350, in _score
    return self._sign * self._score_func(y_true, y_pred, **scoring_kwargs)
                        ^^^^^^^^^^^^^^^^^^^^^^^^^^^^^^^^^^^^^^^^^^^^^^^^^^
  File "C:\Users\43285092\.conda\envs\pycaret_env\Lib\site-packages\pycaret\internal\metrics.py", line 144, in __call__
    return self.score_func(y_true, y_pred, **kwargs)
           ^^^^^^^^^^^^^^^^^^^^^^^^^^^^^^^^^^^^^^^^^
  File "C:\Users\43285092\.conda\envs\pycaret_env\Lib\site-packages\sklearn\utils\_param_validation.py", line 213, in wrapper
    return func(*args, **kwargs)
           ^^^^^^^^^^^^^^^^^^^^^
  File "C:\Users\43285092\.conda\envs\pycaret_env\Lib\site-packages\sklearn\metrics\_ranking.py", line 634, in roc_auc_score
    return _multiclass_roc_auc_score(
           ^^^^^^^^^^^^^^^^^^^^^^^^^^
  File "C:\Users\43285092\.conda\envs\pycaret_env\Lib\site-packages\sklearn\metrics\_ranking.py", line 707, in _multiclass_roc_auc_score
    raise ValueError(
ValueError: Target scores need to be probabilities for multiclass roc_auc, i.e. they should sum up to 1.0 over classes

  warnings.warn(

2026-07-06 13:21:39,540:WARNING:C:\Users\43285092\.conda\envs\pycaret_env\Lib\site-packages\pycaret\internal\metrics.py:204: FitFailedWarning: Metric 'make_scorer(roc_auc_score, response_method=('decision_function', 'predict_proba'), average=weighted, multi_class=ovr)' failed and error score 0.0 has been returned instead. If this is a custom metric, this usually means that the error is in the metric code. Full exception below:
Traceback (most recent call last):
  File "C:\Users\43285092\.conda\envs\pycaret_env\Lib\site-packages\pycaret\internal\metrics.py", line 196, in _score
    return super()._score(
           ^^^^^^^^^^^^^^^
  File "C:\Users\43285092\.conda\envs\pycaret_env\Lib\site-packages\sklearn\metrics\_scorer.py", line 350, in _score
    return self._sign * self._score_func(y_true, y_pred, **scoring_kwargs)
                        ^^^^^^^^^^^^^^^^^^^^^^^^^^^^^^^^^^^^^^^^^^^^^^^^^^
  File "C:\Users\43285092\.conda\envs\pycaret_env\Lib\site-packages\pycaret\internal\metrics.py", line 144, in __call__
    return self.score_func(y_true, y_pred, **kwargs)
           ^^^^^^^^^^^^^^^^^^^^^^^^^^^^^^^^^^^^^^^^^
  File "C:\Users\43285092\.conda\envs\pycaret_env\Lib\site-packages\sklearn\utils\_param_validation.py", line 213, in wrapper
    return func(*args, **kwargs)
           ^^^^^^^^^^^^^^^^^^^^^
  File "C:\Users\43285092\.conda\envs\pycaret_env\Lib\site-packages\sklearn\metrics\_ranking.py", line 634, in roc_auc_score
    return _multiclass_roc_auc_score(
           ^^^^^^^^^^^^^^^^^^^^^^^^^^
  File "C:\Users\43285092\.conda\envs\pycaret_env\Lib\site-packages\sklearn\metrics\_ranking.py", line 707, in _multiclass_roc_auc_score
    raise ValueError(
ValueError: Target scores need to be probabilities for multiclass roc_auc, i.e. they should sum up to 1.0 over classes

  warnings.warn(

2026-07-06 13:21:39,774:INFO:Calculating mean and std
2026-07-06 13:21:39,774:INFO:Creating metrics dataframe
2026-07-06 13:21:39,774:INFO:Uploading results into container
2026-07-06 13:21:39,774:INFO:Uploading model into container now
2026-07-06 13:21:39,774:INFO:_master_model_container: 7
2026-07-06 13:21:39,774:INFO:_display_container: 2
2026-07-06 13:21:39,774:INFO:AdaBoostClassifier(algorithm='SAMME.R', estimator=None, learning_rate=1.0,
                   n_estimators=50, random_state=42)
2026-07-06 13:21:39,774:INFO:create_model() successfully completed......................................
2026-07-06 13:21:39,868:INFO:SubProcess create_model() end ==================================
2026-07-06 13:21:39,868:INFO:Creating metrics dataframe
2026-07-06 13:21:39,868:INFO:Initializing Gradient Boosting Classifier
2026-07-06 13:21:39,868:INFO:Total runtime is 6.7762771368026735 minutes
2026-07-06 13:21:39,868:INFO:SubProcess create_model() called ==================================
2026-07-06 13:21:39,868:INFO:Initializing create_model()
2026-07-06 13:21:39,868:INFO:create_model(self=<pycaret.classification.oop.ClassificationExperiment object at 0x000001A571214950>, estimator=gbc, fold=StratifiedKFold(n_splits=3, random_state=None, shuffle=False), round=4, cross_validation=True, predict=True, fit_kwargs={}, groups=None, refit=False, probability_threshold=None, experiment_custom_tags=None, verbose=False, system=False, add_to_model_list=True, metrics=None, display=<pycaret.internal.display.display.CommonDisplay object at 0x000001A57A706E90>, model_only=True, return_train_score=False, error_score=0.0, kwargs={})
2026-07-06 13:21:39,868:INFO:Checking exceptions
2026-07-06 13:21:39,868:INFO:Importing libraries
2026-07-06 13:21:39,868:INFO:Copying training dataset
2026-07-06 13:21:40,119:INFO:Defining folds
2026-07-06 13:21:40,119:INFO:Declaring metric variables
2026-07-06 13:21:40,119:INFO:Importing untrained model
2026-07-06 13:21:40,119:INFO:Gradient Boosting Classifier Imported successfully
2026-07-06 13:21:40,119:INFO:Starting cross validation
2026-07-06 13:21:40,119:INFO:Cross validating with StratifiedKFold(n_splits=3, random_state=None, shuffle=False), n_jobs=-1
2026-07-06 13:35:00,185:WARNING:C:\Users\43285092\.conda\envs\pycaret_env\Lib\site-packages\pycaret\internal\metrics.py:204: FitFailedWarning: Metric 'make_scorer(roc_auc_score, response_method=('decision_function', 'predict_proba'), average=weighted, multi_class=ovr)' failed and error score 0.0 has been returned instead. If this is a custom metric, this usually means that the error is in the metric code. Full exception below:
Traceback (most recent call last):
  File "C:\Users\43285092\.conda\envs\pycaret_env\Lib\site-packages\pycaret\internal\metrics.py", line 196, in _score
    return super()._score(
           ^^^^^^^^^^^^^^^
  File "C:\Users\43285092\.conda\envs\pycaret_env\Lib\site-packages\sklearn\metrics\_scorer.py", line 350, in _score
    return self._sign * self._score_func(y_true, y_pred, **scoring_kwargs)
                        ^^^^^^^^^^^^^^^^^^^^^^^^^^^^^^^^^^^^^^^^^^^^^^^^^^
  File "C:\Users\43285092\.conda\envs\pycaret_env\Lib\site-packages\pycaret\internal\metrics.py", line 144, in __call__
    return self.score_func(y_true, y_pred, **kwargs)
           ^^^^^^^^^^^^^^^^^^^^^^^^^^^^^^^^^^^^^^^^^
  File "C:\Users\43285092\.conda\envs\pycaret_env\Lib\site-packages\sklearn\utils\_param_validation.py", line 213, in wrapper
    return func(*args, **kwargs)
           ^^^^^^^^^^^^^^^^^^^^^
  File "C:\Users\43285092\.conda\envs\pycaret_env\Lib\site-packages\sklearn\metrics\_ranking.py", line 634, in roc_auc_score
    return _multiclass_roc_auc_score(
           ^^^^^^^^^^^^^^^^^^^^^^^^^^
  File "C:\Users\43285092\.conda\envs\pycaret_env\Lib\site-packages\sklearn\metrics\_ranking.py", line 707, in _multiclass_roc_auc_score
    raise ValueError(
ValueError: Target scores need to be probabilities for multiclass roc_auc, i.e. they should sum up to 1.0 over classes

  warnings.warn(

2026-07-06 13:35:02,961:WARNING:C:\Users\43285092\.conda\envs\pycaret_env\Lib\site-packages\pycaret\internal\metrics.py:204: FitFailedWarning: Metric 'make_scorer(roc_auc_score, response_method=('decision_function', 'predict_proba'), average=weighted, multi_class=ovr)' failed and error score 0.0 has been returned instead. If this is a custom metric, this usually means that the error is in the metric code. Full exception below:
Traceback (most recent call last):
  File "C:\Users\43285092\.conda\envs\pycaret_env\Lib\site-packages\pycaret\internal\metrics.py", line 196, in _score
    return super()._score(
           ^^^^^^^^^^^^^^^
  File "C:\Users\43285092\.conda\envs\pycaret_env\Lib\site-packages\sklearn\metrics\_scorer.py", line 350, in _score
    return self._sign * self._score_func(y_true, y_pred, **scoring_kwargs)
                        ^^^^^^^^^^^^^^^^^^^^^^^^^^^^^^^^^^^^^^^^^^^^^^^^^^
  File "C:\Users\43285092\.conda\envs\pycaret_env\Lib\site-packages\pycaret\internal\metrics.py", line 144, in __call__
    return self.score_func(y_true, y_pred, **kwargs)
           ^^^^^^^^^^^^^^^^^^^^^^^^^^^^^^^^^^^^^^^^^
  File "C:\Users\43285092\.conda\envs\pycaret_env\Lib\site-packages\sklearn\utils\_param_validation.py", line 213, in wrapper
    return func(*args, **kwargs)
           ^^^^^^^^^^^^^^^^^^^^^
  File "C:\Users\43285092\.conda\envs\pycaret_env\Lib\site-packages\sklearn\metrics\_ranking.py", line 634, in roc_auc_score
    return _multiclass_roc_auc_score(
           ^^^^^^^^^^^^^^^^^^^^^^^^^^
  File "C:\Users\43285092\.conda\envs\pycaret_env\Lib\site-packages\sklearn\metrics\_ranking.py", line 707, in _multiclass_roc_auc_score
    raise ValueError(
ValueError: Target scores need to be probabilities for multiclass roc_auc, i.e. they should sum up to 1.0 over classes

  warnings.warn(

2026-07-06 13:35:03,152:WARNING:C:\Users\43285092\.conda\envs\pycaret_env\Lib\site-packages\pycaret\internal\metrics.py:204: FitFailedWarning: Metric 'make_scorer(roc_auc_score, response_method=('decision_function', 'predict_proba'), average=weighted, multi_class=ovr)' failed and error score 0.0 has been returned instead. If this is a custom metric, this usually means that the error is in the metric code. Full exception below:
Traceback (most recent call last):
  File "C:\Users\43285092\.conda\envs\pycaret_env\Lib\site-packages\pycaret\internal\metrics.py", line 196, in _score
    return super()._score(
           ^^^^^^^^^^^^^^^
  File "C:\Users\43285092\.conda\envs\pycaret_env\Lib\site-packages\sklearn\metrics\_scorer.py", line 350, in _score
    return self._sign * self._score_func(y_true, y_pred, **scoring_kwargs)
                        ^^^^^^^^^^^^^^^^^^^^^^^^^^^^^^^^^^^^^^^^^^^^^^^^^^
  File "C:\Users\43285092\.conda\envs\pycaret_env\Lib\site-packages\pycaret\internal\metrics.py", line 144, in __call__
    return self.score_func(y_true, y_pred, **kwargs)
           ^^^^^^^^^^^^^^^^^^^^^^^^^^^^^^^^^^^^^^^^^
  File "C:\Users\43285092\.conda\envs\pycaret_env\Lib\site-packages\sklearn\utils\_param_validation.py", line 213, in wrapper
    return func(*args, **kwargs)
           ^^^^^^^^^^^^^^^^^^^^^
  File "C:\Users\43285092\.conda\envs\pycaret_env\Lib\site-packages\sklearn\metrics\_ranking.py", line 634, in roc_auc_score
    return _multiclass_roc_auc_score(
           ^^^^^^^^^^^^^^^^^^^^^^^^^^
  File "C:\Users\43285092\.conda\envs\pycaret_env\Lib\site-packages\sklearn\metrics\_ranking.py", line 707, in _multiclass_roc_auc_score
    raise ValueError(
ValueError: Target scores need to be probabilities for multiclass roc_auc, i.e. they should sum up to 1.0 over classes

  warnings.warn(

2026-07-06 13:35:03,386:INFO:Calculating mean and std
2026-07-06 13:35:03,386:INFO:Creating metrics dataframe
2026-07-06 13:35:03,386:INFO:Uploading results into container
2026-07-06 13:35:03,402:INFO:Uploading model into container now
2026-07-06 13:35:03,402:INFO:_master_model_container: 8
2026-07-06 13:35:03,402:INFO:_display_container: 2
2026-07-06 13:35:03,402:INFO:GradientBoostingClassifier(ccp_alpha=0.0, criterion='friedman_mse', init=None,
                           learning_rate=0.1, loss='log_loss', max_depth=3,
                           max_features=None, max_leaf_nodes=None,
                           min_impurity_decrease=0.0, min_samples_leaf=1,
                           min_samples_split=2, min_weight_fraction_leaf=0.0,
                           n_estimators=100, n_iter_no_change=None,
                           random_state=42, subsample=1.0, tol=0.0001,
                           validation_fraction=0.1, verbose=0,
                           warm_start=False)
2026-07-06 13:35:03,402:INFO:create_model() successfully completed......................................
2026-07-06 13:35:03,512:INFO:SubProcess create_model() end ==================================
2026-07-06 13:35:03,512:INFO:Creating metrics dataframe
2026-07-06 13:35:03,512:INFO:Initializing Linear Discriminant Analysis
2026-07-06 13:35:03,512:INFO:Total runtime is 20.170336747169493 minutes
2026-07-06 13:35:03,512:INFO:Total runtime 20.170336747169493 is over time budget by 5.170336747169493, breaking loop
2026-07-06 13:35:03,512:WARNING:C:\Users\43285092\.conda\envs\pycaret_env\Lib\site-packages\pycaret\internal\pycaret_experiment\supervised_experiment.py:339: FutureWarning: Styler.applymap has been deprecated. Use Styler.map instead.

2026-07-06 13:35:03,512:INFO:Initializing create_model()
2026-07-06 13:35:03,512:INFO:create_model(self=<pycaret.classification.oop.ClassificationExperiment object at 0x000001A571214950>, estimator=RandomForestClassifier(bootstrap=True, ccp_alpha=0.0, class_weight=None,
                       criterion='gini', max_depth=None, max_features='sqrt',
                       max_leaf_nodes=None, max_samples=None,
                       min_impurity_decrease=0.0, min_samples_leaf=1,
                       min_samples_split=2, min_weight_fraction_leaf=0.0,
                       monotonic_cst=None, n_estimators=100, n_jobs=-1,
                       oob_score=False, random_state=42, verbose=0,
                       warm_start=False), fold=StratifiedKFold(n_splits=3, random_state=None, shuffle=False), round=4, cross_validation=False, predict=False, fit_kwargs={}, groups=None, refit=True, probability_threshold=None, experiment_custom_tags=None, verbose=False, system=False, add_to_model_list=True, metrics=None, display=None, model_only=True, return_train_score=False, error_score=0.0, kwargs={})
2026-07-06 13:35:03,512:INFO:Checking exceptions
2026-07-06 13:35:03,512:INFO:Importing libraries
2026-07-06 13:35:03,512:INFO:Copying training dataset
2026-07-06 13:35:03,748:INFO:Defining folds
2026-07-06 13:35:03,748:INFO:Declaring metric variables
2026-07-06 13:35:03,748:INFO:Importing untrained model
2026-07-06 13:35:03,748:INFO:Declaring custom model
2026-07-06 13:35:03,748:INFO:Random Forest Classifier Imported successfully
2026-07-06 13:35:03,748:INFO:Cross validation set to False
2026-07-06 13:35:03,748:INFO:Fitting Model
2026-07-06 13:36:26,237:INFO:RandomForestClassifier(bootstrap=True, ccp_alpha=0.0, class_weight=None,
                       criterion='gini', max_depth=None, max_features='sqrt',
                       max_leaf_nodes=None, max_samples=None,
                       min_impurity_decrease=0.0, min_samples_leaf=1,
                       min_samples_split=2, min_weight_fraction_leaf=0.0,
                       monotonic_cst=None, n_estimators=100, n_jobs=-1,
                       oob_score=False, random_state=42, verbose=0,
                       warm_start=False)
2026-07-06 13:36:26,237:INFO:create_model() successfully completed......................................
2026-07-06 13:36:26,316:INFO:_master_model_container: 8
2026-07-06 13:36:26,316:INFO:_display_container: 2
2026-07-06 13:36:26,316:INFO:RandomForestClassifier(bootstrap=True, ccp_alpha=0.0, class_weight=None,
                       criterion='gini', max_depth=None, max_features='sqrt',
                       max_leaf_nodes=None, max_samples=None,
                       min_impurity_decrease=0.0, min_samples_leaf=1,
                       min_samples_split=2, min_weight_fraction_leaf=0.0,
                       monotonic_cst=None, n_estimators=100, n_jobs=-1,
                       oob_score=False, random_state=42, verbose=0,
                       warm_start=False)
2026-07-06 13:36:26,316:INFO:compare_models() successfully completed......................................
2026-07-06 13:36:26,316:INFO:Initializing tune_model()
2026-07-06 13:36:26,316:INFO:tune_model(self=<pycaret.classification.oop.ClassificationExperiment object at 0x000001A571214950>, estimator=RandomForestClassifier(bootstrap=True, ccp_alpha=0.0, class_weight=None,
                       criterion='gini', max_depth=None, max_features='sqrt',
                       max_leaf_nodes=None, max_samples=None,
                       min_impurity_decrease=0.0, min_samples_leaf=1,
                       min_samples_split=2, min_weight_fraction_leaf=0.0,
                       monotonic_cst=None, n_estimators=100, n_jobs=-1,
                       oob_score=False, random_state=42, verbose=0,
                       warm_start=False), fold=3, round=4, n_iter=10, custom_grid=None, optimize=F1, custom_scorer=None, search_library=scikit-learn, search_algorithm=None, early_stopping=False, early_stopping_max_iters=10, choose_better=True, fit_kwargs=None, groups=None, return_tuner=False, verbose=True, tuner_verbose=True, return_train_score=False, kwargs={})
2026-07-06 13:36:26,316:INFO:Checking exceptions
2026-07-06 13:36:26,411:INFO:Copying training dataset
2026-07-06 13:36:26,552:INFO:Checking base model
2026-07-06 13:36:26,552:INFO:Base model : Random Forest Classifier
2026-07-06 13:36:26,552:INFO:Declaring metric variables
2026-07-06 13:36:26,552:INFO:Defining Hyperparameters
2026-07-06 13:36:26,630:INFO:Tuning with n_jobs=-1
2026-07-06 13:36:26,630:INFO:Initializing RandomizedSearchCV
2026-07-06 13:36:41,182:WARNING:C:\Users\43285092\.conda\envs\pycaret_env\Lib\site-packages\_distutils_hack\__init__.py:30: UserWarning: Setuptools is replacing distutils. Support for replacing an already imported distutils is deprecated. In the future, this condition will fail. Register concerns at https://github.com/pypa/setuptools/issues/new?template=distutils-deprecation.yml
  warnings.warn(

2026-07-06 13:36:43,141:WARNING:C:\Users\43285092\.conda\envs\pycaret_env\Lib\site-packages\_distutils_hack\__init__.py:30: UserWarning: Setuptools is replacing distutils. Support for replacing an already imported distutils is deprecated. In the future, this condition will fail. Register concerns at https://github.com/pypa/setuptools/issues/new?template=distutils-deprecation.yml
  warnings.warn(

2026-07-06 13:36:44,471:WARNING:C:\Users\43285092\.conda\envs\pycaret_env\Lib\site-packages\_distutils_hack\__init__.py:30: UserWarning: Setuptools is replacing distutils. Support for replacing an already imported distutils is deprecated. In the future, this condition will fail. Register concerns at https://github.com/pypa/setuptools/issues/new?template=distutils-deprecation.yml
  warnings.warn(

2026-07-06 13:36:45,142:WARNING:C:\Users\43285092\.conda\envs\pycaret_env\Lib\site-packages\_distutils_hack\__init__.py:30: UserWarning: Setuptools is replacing distutils. Support for replacing an already imported distutils is deprecated. In the future, this condition will fail. Register concerns at https://github.com/pypa/setuptools/issues/new?template=distutils-deprecation.yml
  warnings.warn(

2026-07-06 13:36:45,948:WARNING:C:\Users\43285092\.conda\envs\pycaret_env\Lib\site-packages\_distutils_hack\__init__.py:30: UserWarning: Setuptools is replacing distutils. Support for replacing an already imported distutils is deprecated. In the future, this condition will fail. Register concerns at https://github.com/pypa/setuptools/issues/new?template=distutils-deprecation.yml
  warnings.warn(

2026-07-06 13:36:46,320:WARNING:C:\Users\43285092\.conda\envs\pycaret_env\Lib\site-packages\_distutils_hack\__init__.py:30: UserWarning: Setuptools is replacing distutils. Support for replacing an already imported distutils is deprecated. In the future, this condition will fail. Register concerns at https://github.com/pypa/setuptools/issues/new?template=distutils-deprecation.yml
  warnings.warn(

2026-07-06 13:36:46,507:WARNING:C:\Users\43285092\.conda\envs\pycaret_env\Lib\site-packages\_distutils_hack\__init__.py:30: UserWarning: Setuptools is replacing distutils. Support for replacing an already imported distutils is deprecated. In the future, this condition will fail. Register concerns at https://github.com/pypa/setuptools/issues/new?template=distutils-deprecation.yml
  warnings.warn(

2026-07-06 13:36:46,563:WARNING:C:\Users\43285092\.conda\envs\pycaret_env\Lib\site-packages\_distutils_hack\__init__.py:30: UserWarning: Setuptools is replacing distutils. Support for replacing an already imported distutils is deprecated. In the future, this condition will fail. Register concerns at https://github.com/pypa/setuptools/issues/new?template=distutils-deprecation.yml
  warnings.warn(

2026-07-06 13:36:47,114:WARNING:C:\Users\43285092\.conda\envs\pycaret_env\Lib\site-packages\_distutils_hack\__init__.py:30: UserWarning: Setuptools is replacing distutils. Support for replacing an already imported distutils is deprecated. In the future, this condition will fail. Register concerns at https://github.com/pypa/setuptools/issues/new?template=distutils-deprecation.yml
  warnings.warn(

2026-07-06 13:36:48,720:WARNING:C:\Users\43285092\.conda\envs\pycaret_env\Lib\site-packages\_distutils_hack\__init__.py:30: UserWarning: Setuptools is replacing distutils. Support for replacing an already imported distutils is deprecated. In the future, this condition will fail. Register concerns at https://github.com/pypa/setuptools/issues/new?template=distutils-deprecation.yml
  warnings.warn(

2026-07-06 13:36:50,003:WARNING:C:\Users\43285092\.conda\envs\pycaret_env\Lib\site-packages\_distutils_hack\__init__.py:30: UserWarning: Setuptools is replacing distutils. Support for replacing an already imported distutils is deprecated. In the future, this condition will fail. Register concerns at https://github.com/pypa/setuptools/issues/new?template=distutils-deprecation.yml
  warnings.warn(

2026-07-06 13:36:50,293:WARNING:C:\Users\43285092\.conda\envs\pycaret_env\Lib\site-packages\_distutils_hack\__init__.py:30: UserWarning: Setuptools is replacing distutils. Support for replacing an already imported distutils is deprecated. In the future, this condition will fail. Register concerns at https://github.com/pypa/setuptools/issues/new?template=distutils-deprecation.yml
  warnings.warn(

2026-07-06 13:36:50,553:WARNING:C:\Users\43285092\.conda\envs\pycaret_env\Lib\site-packages\_distutils_hack\__init__.py:30: UserWarning: Setuptools is replacing distutils. Support for replacing an already imported distutils is deprecated. In the future, this condition will fail. Register concerns at https://github.com/pypa/setuptools/issues/new?template=distutils-deprecation.yml
  warnings.warn(

